-14,0.913771
-13.998,0.91242
-13.996,0.912184
-13.994,0.910218
-13.992,0.908398
-13.99,0.9085
-13.988,0.907125
-13.986,0.905895
-13.984,0.904811
-13.982,0.901489
-13.98,0.900544
-13.978,0.899744
-13.976,0.899089
-13.974,0.898579
-13.972,0.895222
-13.97,0.89485
-13.968,0.891479
-13.966,0.891244
-13.964,0.891153
-13.962,0.887759
-13.96,0.887806
-13.958,0.884396
-13.956,0.884579
-13.954,0.881154
-13.952,0.881472
-13.95,0.878031
-13.948,0.878484
-13.946,0.875027
-13.944,0.875616
-13.942,0.872142
-13.94,0.872864
-13.938,0.869373
-13.936,0.87023
-13.934,0.866721
-13.932,0.867712
-13.93,0.864185
-13.928,0.86065
-13.926,0.861763
-13.924,0.858209
-13.922,0.859455
-13.92,0.855882
-13.918,0.85726
-13.916,0.853667
-13.914,0.850065
-13.912,0.851563
-13.91,0.847941
-13.908,0.84431
-13.906,0.845926
-13.904,0.842274
-13.902,0.838613
-13.9,0.840346
-13.898,0.836663
-13.896,0.838526
-13.894,0.834819
-13.892,0.831104
-13.89,0.833082
-13.888,0.829342
-13.886,0.825593
-13.884,0.827684
-13.882,0.823909
-13.88,0.820125
-13.878,0.822328
-13.876,0.818518
-13.874,0.814698
-13.872,0.810868
-13.87,0.813163
-13.868,0.809306
-13.866,0.805438
-13.864,0.80784
-13.862,0.803944
-13.86,0.800036
-13.858,0.802544
-13.856,0.798607
-13.854,0.794659
-13.852,0.79727
-13.85,0.79329
-13.848,0.789299
-13.846,0.785296
-13.844,0.787988
-13.842,0.783952
-13.84,0.779904
-13.838,0.775845
-13.836,0.778611
-13.834,0.774516
-13.832,0.770409
-13.83,0.77327
-13.828,0.769126
-13.826,0.764969
-13.824,0.7608
-13.822,0.763727
-13.82,0.759518
-13.818,0.755296
-13.816,0.75106
-13.814,0.754047
-13.812,0.74977
-13.81,0.745478
-13.808,0.741173
-13.806,0.744214
-13.804,0.739864
-13.802,0.7355
-13.8,0.73112
-13.798,0.734208
-13.796,0.729782
-13.794,0.72534
-13.792,0.720882
-13.79,0.72401
-13.788,0.719502
-13.786,0.714978
-13.784,0.710437
-13.782,0.713596
-13.78,0.709002
-13.778,0.70439
-13.776,0.699761
-13.774,0.702942
-13.772,0.698256
-13.77,0.693551
-13.768,0.688828
-13.766,0.69202
-13.764,0.687237
-13.762,0.682433
-13.76,0.67761
-13.758,0.672766
-13.756,0.675915
-13.754,0.671005
-13.752,0.666075
-13.75,0.661123
-13.748,0.664256
-13.746,0.659234
-13.744,0.654189
-13.742,0.649121
-13.74,0.652225
-13.738,0.647082
-13.736,0.641914
-13.734,0.636722
-13.732,0.631505
-13.73,0.634507
-13.728,0.629208
-13.726,0.623882
-13.724,0.61853
-13.722,0.61315
-13.72,0.616023
-13.718,0.610554
-13.716,0.605056
-13.714,0.599528
-13.712,0.593972
-13.71,0.596684
-13.708,0.591029
-13.706,0.585342
-13.704,0.579623
-13.702,0.582213
-13.7,0.576388
-13.698,0.570528
-13.696,0.564634
-13.694,0.558706
-13.692,0.561064
-13.69,0.555017
-13.688,0.548933
-13.686,0.542811
-13.684,0.536651
-13.682,0.53873
-13.68,0.532439
-13.678,0.526106
-13.676,0.519732
-13.674,0.513316
-13.672,0.51506
-13.67,0.508498
-13.668,0.50189
-13.666,0.495236
-13.664,0.488535
-13.662,0.481787
-13.66,0.483015
-13.658,0.4761
-13.656,0.469133
-13.654,0.462115
-13.652,0.455044
-13.65,0.45578
-13.648,0.448521
-13.646,0.441205
-13.644,0.43383
-13.642,0.426397
-13.64,0.426547
-13.638,0.418901
-13.636,0.41119
-13.634,0.403414
-13.632,0.395572
-13.63,0.395025
-13.628,0.38694
-13.626,0.378783
-13.624,0.370551
-13.622,0.362244
-13.62,0.35386
-13.618,0.352282
-13.616,0.343615
-13.614,0.334863
-13.612,0.326025
-13.61,0.317099
-13.608,0.308084
-13.606,0.305243
-13.604,0.295893
-13.602,0.286445
-13.6,0.276895
-13.598,0.267242
-13.596,0.263128
-13.594,0.253087
-13.592,0.24293
-13.59,0.232656
-13.588,0.222262
-13.586,0.211745
-13.584,0.20576
-13.582,0.194776
-13.58,0.183654
-13.578,0.172391
-13.576,0.160984
-13.574,0.149429
-13.572,0.141102
-13.57,0.128977
-13.568,0.116685
-13.566,0.104222
-13.564,0.0915826
-13.562,0.0787633
-13.56,0.0674724
-13.558,0.0539481
-13.556,0.040218
-13.554,0.0262764
-13.552,0.0121172
-13.55,-0.00226544
-13.548,-0.0173582
-13.546,-0.0326277
-13.544,-0.0481554
-13.542,-0.0639491
-13.54,-0.080017
-13.538,-0.0963674
-13.536,-0.116417
-13.534,-0.133905
-13.532,-0.151724
-13.53,-0.169884
-13.528,-0.188398
-13.526,-0.207277
-13.524,-0.233918
-13.522,-0.254291
-13.52,-0.275098
-13.518,-0.296355
-13.516,-0.318079
-13.514,-0.340287
-13.512,-0.375908
-13.51,-0.400134
-13.508,-0.424947
-13.506,-0.450372
-13.504,-0.476433
-13.502,-0.503158
-13.5,-0.551385
-13.498,-0.58093
-13.496,-0.611299
-13.494,-0.642531
-13.492,-0.674666
-13.49,-0.707747
-13.488,-0.74182
-13.486,-0.811544
-13.484,-0.849952
-13.482,-0.889638
-13.48,-0.930668
-13.478,-0.973119
-13.476,-1.01707
-13.474,-1.11663
-13.472,-1.16733
-13.47,-1.22004
-13.468,-1.27488
-13.466,-1.33201
-13.464,-1.39157
-13.462,-1.54029
-13.46,-1.6112
-13.458,-1.68557
-13.456,-1.76365
-13.454,-1.84576
-13.452,-1.93222
-13.45,-2.02339
-13.448,-2.27776
-13.446,-2.39229
-13.444,-2.51421
-13.442,-2.64428
-13.44,-2.78336
-13.438,-2.93244
-13.436,-3.09267
-13.434,-3.59644
-13.432,-3.81737
-13.43,-4.05904
-13.428,-4.32455
-13.426,-4.61768
-13.424,-4.94299
-13.422,-5.30616
-13.42,-6.64772
-13.418,-7.2618
-13.416,-7.97907
-13.414,-8.82806
-13.412,-9.84891
-13.41,-11.0999
-13.408,-17.5389
-13.406,-21.5342
-13.404,-27.691
-13.402,-38.416
-13.4,-61.7971
-13.398,-152.513
-13.396,-350.428
-13.394,-31.8066
-13.392,-24.878
-13.39,-20.5054
-13.388,-17.4941
-13.386,-15.2938
-13.384,-13.6155
-13.382,-12.293
-13.38,-9.40562
-13.378,-8.79401
-13.376,-8.26642
-13.374,-7.80658
-13.372,-7.40217
-13.37,-7.04368
-13.368,-6.72366
-13.366,-5.85736
-13.364,-5.6471
-13.362,-5.45448
-13.36,-5.27733
-13.358,-5.11385
-13.356,-4.96248
-13.354,-4.8219
-13.352,-4.69099
-13.35,-4.3022
-13.348,-4.2032
-13.346,-4.10994
-13.344,-4.02192
-13.342,-3.9387
-13.34,-3.85987
-13.338,-3.7851
-13.336,-3.55408
-13.334,-3.4937
-13.332,-3.43603
-13.33,-3.38088
-13.328,-3.32808
-13.326,-3.27748
-13.324,-3.22892
-13.322,-3.07637
-13.32,-3.03549
-13.318,-2.99609
-13.316,-2.95809
-13.314,-2.9214
-13.312,-2.88595
-13.31,-2.85167
-13.308,-2.74397
-13.306,-2.71426
-13.304,-2.68543
-13.302,-2.65745
-13.3,-2.63027
-13.298,-2.60386
-13.296,-2.57818
-13.294,-2.55319
-13.292,-2.47588
-13.29,-2.4537
-13.288,-2.43207
-13.286,-2.41095
-13.284,-2.39034
-13.282,-2.37021
-13.28,-2.35054
-13.278,-2.33131
-13.276,-2.27369
-13.274,-2.2563
-13.272,-2.23928
-13.27,-2.2226
-13.268,-2.20625
-13.266,-2.19022
-13.264,-2.1745
-13.262,-2.12938
-13.26,-2.11498
-13.258,-2.10083
-13.256,-2.08693
-13.254,-2.07327
-13.252,-2.05983
-13.25,-2.04661
-13.248,-2.03361
-13.246,-1.99853
-13.244,-1.98648
-13.242,-1.9746
-13.24,-1.9629
-13.238,-1.95137
-13.236,-1.94
-13.234,-1.92878
-13.232,-1.91773
-13.23,-1.89012
-13.228,-1.87977
-13.226,-1.86954
-13.224,-1.85944
-13.222,-1.84947
-13.22,-1.83961
-13.218,-1.82987
-13.216,-1.82024
-13.214,-1.79838
-13.212,-1.78928
-13.21,-1.78029
-13.208,-1.77139
-13.206,-1.76258
-13.204,-1.75385
-13.202,-1.74522
-13.2,-1.73667
-13.198,-1.71932
-13.196,-1.71119
-13.194,-1.70313
-13.192,-1.69514
-13.19,-1.68722
-13.188,-1.67936
-13.186,-1.67157
-13.184,-1.66385
-13.182,-1.65014
-13.18,-1.64274
-13.178,-1.6354
-13.176,-1.62812
-13.174,-1.62088
-13.172,-1.6137
-13.17,-1.60657
-13.168,-1.59949
-13.166,-1.58875
-13.164,-1.58194
-13.162,-1.57516
-13.16,-1.56843
-13.158,-1.56173
-13.156,-1.55508
-13.154,-1.54847
-13.152,-1.54189
-13.15,-1.53363
-13.148,-1.52726
-13.146,-1.52093
-13.144,-1.51463
-13.142,-1.50837
-13.14,-1.50213
-13.138,-1.49592
-13.136,-1.48974
-13.134,-1.48357
-13.132,-1.47757
-13.13,-1.47159
-13.128,-1.46563
-13.126,-1.4597
-13.124,-1.45379
-13.122,-1.44791
-13.12,-1.44205
-13.118,-1.43621
-13.116,-1.43194
-13.114,-1.42624
-13.112,-1.42055
-13.11,-1.41489
-13.108,-1.40924
-13.106,-1.40361
-13.104,-1.398
-13.102,-1.39241
-13.1,-1.38965
-13.098,-1.38417
-13.096,-1.3787
-13.094,-1.37325
-13.092,-1.3678
-13.09,-1.36238
-13.088,-1.35696
-13.086,-1.35156
-13.084,-1.35012
-13.082,-1.34481
-13.08,-1.33951
-13.078,-1.33421
-13.076,-1.32893
-13.074,-1.32366
-13.072,-1.31839
-13.07,-1.31314
-13.068,-1.30789
-13.066,-1.30767
-13.064,-1.3025
-13.062,-1.29733
-13.06,-1.29217
-13.058,-1.28701
-13.056,-1.28186
-13.054,-1.27671
-13.052,-1.27157
-13.05,-1.26643
-13.048,-1.26728
-13.046,-1.2622
-13.044,-1.25713
-13.042,-1.25205
-13.04,-1.24698
-13.038,-1.24192
-13.036,-1.23685
-13.034,-1.23178
-13.032,-1.22672
-13.03,-1.22849
-13.028,-1.22347
-13.026,-1.21845
-13.024,-1.21344
-13.022,-1.20842
-13.02,-1.2034
-13.018,-1.19838
-13.016,-1.19335
-13.014,-1.19589
-13.012,-1.19091
-13.01,-1.18592
-13.008,-1.18093
-13.006,-1.17593
-13.004,-1.17093
-13.002,-1.16593
-13,-1.16093
-12.998,-1.15592
-12.996,-1.15917
-12.994,-1.15418
-12.992,-1.14919
-12.99,-1.1442
-12.988,-1.1392
-12.986,-1.13419
-12.984,-1.12918
-12.982,-1.12416
-12.98,-1.11913
-12.978,-1.12301
-12.976,-1.11799
-12.974,-1.11297
-12.972,-1.10795
-12.97,-1.10291
-12.968,-1.09787
-12.966,-1.09282
-12.964,-1.08776
-12.962,-1.08269
-12.96,-1.08709
-12.958,-1.08203
-12.956,-1.07695
-12.954,-1.07187
-12.952,-1.06677
-12.95,-1.06167
-12.948,-1.05655
-12.946,-1.05142
-12.944,-1.04628
-12.942,-1.04113
-12.94,-1.04599
-12.938,-1.04083
-12.936,-1.03566
-12.934,-1.03047
-12.932,-1.02528
-12.93,-1.02006
-12.928,-1.01484
-12.926,-1.0096
-12.924,-1.00435
-12.922,-1.00957
-12.92,-1.00429
-12.918,-0.999008
-12.916,-0.993705
-12.914,-0.988386
-12.912,-0.983051
-12.91,-0.9777
-12.908,-0.972331
-12.906,-0.966946
-12.904,-0.972443
-12.902,-0.967028
-12.9,-0.961594
-12.898,-0.956141
-12.896,-0.950669
-12.894,-0.945178
-12.892,-0.939667
-12.89,-0.934136
-12.888,-0.928585
-12.886,-0.934274
-12.884,-0.928681
-12.882,-0.923065
-12.88,-0.917427
-12.878,-0.911766
-12.876,-0.906082
-12.874,-0.900375
-12.872,-0.894645
-12.87,-0.88889
-12.868,-0.883111
-12.866,-0.888865
-12.864,-0.883028
-12.862,-0.877164
-12.86,-0.871273
-12.858,-0.865356
-12.856,-0.859411
-12.854,-0.853438
-12.852,-0.847436
-12.85,-0.841406
-12.848,-0.835346
-12.846,-0.841033
-12.844,-0.834897
-12.842,-0.828729
-12.84,-0.822529
-12.838,-0.816296
-12.836,-0.81003
-12.834,-0.803731
-12.832,-0.797398
-12.83,-0.79103
-12.828,-0.796555
-12.826,-0.790089
-12.824,-0.783586
-12.822,-0.777046
-12.82,-0.770466
-12.818,-0.763848
-12.816,-0.757189
-12.814,-0.75049
-12.812,-0.74375
-12.81,-0.736968
-12.808,-0.742095
-12.806,-0.735188
-12.804,-0.728236
-12.802,-0.721237
-12.8,-0.714192
-12.798,-0.707099
-12.796,-0.699958
-12.794,-0.692767
-12.792,-0.685526
-12.79,-0.678234
-12.788,-0.682723
-12.786,-0.675271
-12.784,-0.667763
-12.782,-0.660199
-12.78,-0.652577
-12.778,-0.644897
-12.776,-0.637157
-12.774,-0.629357
-12.772,-0.621494
-12.77,-0.613569
-12.768,-0.617108
-12.766,-0.608976
-12.764,-0.600776
-12.762,-0.592505
-12.76,-0.584162
-12.758,-0.575747
-12.756,-0.567258
-12.754,-0.558692
-12.752,-0.55005
-12.75,-0.541329
-12.748,-0.543497
-12.746,-0.534507
-12.744,-0.52543
-12.742,-0.516264
-12.74,-0.507008
-12.738,-0.49766
-12.736,-0.488217
-12.734,-0.478678
-12.732,-0.469041
-12.73,-0.459304
-12.728,-0.459521
-12.726,-0.449428
-12.724,-0.439223
-12.722,-0.428904
-12.72,-0.418469
-12.718,-0.407914
-12.716,-0.397237
-12.714,-0.386435
-12.712,-0.375505
-12.71,-0.364444
-12.708,-0.361877
-12.706,-0.350337
-12.704,-0.33865
-12.702,-0.326812
-12.7,-0.314819
-12.698,-0.302667
-12.696,-0.290353
-12.694,-0.277873
-12.692,-0.265221
-12.69,-0.252394
-12.688,-0.245812
-12.686,-0.232321
-12.684,-0.21863
-12.682,-0.204733
-12.68,-0.190625
-12.678,-0.176299
-12.676,-0.161751
-12.674,-0.146972
-12.672,-0.131957
-12.67,-0.116698
-12.668,-0.104193
-12.666,-0.0879829
-12.664,-0.07149
-12.662,-0.0547058
-12.66,-0.037621
-12.658,-0.020226
-12.656,-0.00251081
-12.654,0.015535
-12.652,0.0339222
-12.65,0.0526624
-12.648,0.0717674
-12.646,0.0943643
-12.644,0.11495
-12.642,0.135969
-12.64,0.157439
-12.638,0.179374
-12.636,0.201794
-12.634,0.224716
-12.632,0.248159
-12.63,0.272144
-12.628,0.296691
-12.626,0.334368
-12.624,0.361284
-12.622,0.388891
-12.62,0.417218
-12.618,0.446296
-12.616,0.47616
-12.614,0.506845
-12.612,0.538387
-12.61,0.570828
-12.608,0.604208
-12.606,0.667836
-12.604,0.705338
-12.602,0.744043
-12.6,0.784016
-12.598,0.825325
-12.596,0.868041
-12.594,0.912244
-12.592,0.958016
-12.59,1.00545
-12.588,1.05464
-12.586,1.1057
-12.584,1.22499
-12.582,1.2847
-12.58,1.34697
-12.578,1.41198
-12.576,1.47992
-12.574,1.55101
-12.572,1.62548
-12.57,1.70358
-12.568,1.7856
-12.566,1.87185
-12.564,1.96268
-12.562,2.21783
-12.56,2.33175
-12.558,2.45283
-12.556,2.58176
-12.554,2.71937
-12.552,2.86658
-12.55,3.02444
-12.548,3.19418
-12.546,3.37722
-12.544,3.57522
-12.542,3.79011
-12.54,4.52458
-12.538,4.8396
-12.536,5.18975
-12.534,5.58132
-12.532,6.02218
-12.53,6.52234
-12.528,7.09471
-12.526,7.75624
-12.524,8.52965
-12.522,9.44608
-12.52,13.8648
-12.518,16.2116
-12.516,19.4136
-12.514,24.0436
-12.512,31.332
-12.51,44.4931
-12.508,75.4221
-12.506,234.902
-12.504,220.352
-12.502,76.1301
-12.5,46.4201
-12.498,20.6145
-12.496,17.7601
-12.494,15.6398
-12.492,14.0024
-12.49,12.6997
-12.488,11.6384
-12.486,10.757
-12.484,10.0132
-12.482,9.37708
-12.48,8.82668
-12.478,8.34573
-12.476,7.04598
-12.474,6.75535
-12.472,6.49216
-12.47,6.25267
-12.468,6.03378
-12.466,5.83291
-12.464,5.64789
-12.462,5.4769
-12.46,5.31838
-12.458,5.17098
-12.456,5.03356
-12.454,4.60637
-12.452,4.50321
-12.45,4.40591
-12.448,4.31399
-12.446,4.227
-12.444,4.14453
-12.442,4.06624
-12.44,3.9918
-12.438,3.92092
-12.436,3.85334
-12.434,3.78883
-12.432,3.72717
-12.43,3.52548
-12.428,3.47475
-12.426,3.42599
-12.424,3.37909
-12.422,3.33394
-12.42,3.29044
-12.418,3.24849
-12.416,3.20799
-12.414,3.16888
-12.412,3.13108
-12.41,3.09451
-12.408,2.97461
-12.406,2.94308
-12.404,2.91249
-12.402,2.88278
-12.4,2.85391
-12.398,2.82585
-12.396,2.79855
-12.394,2.77198
-12.392,2.7461
-12.39,2.7209
-12.388,2.69633
-12.386,2.61813
-12.384,2.59629
-12.382,2.57497
-12.38,2.55412
-12.378,2.53374
-12.376,2.5138
-12.374,2.49429
-12.372,2.4752
-12.37,2.4565
-12.368,2.43818
-12.366,2.42022
-12.364,2.36636
-12.362,2.35006
-12.36,2.33406
-12.358,2.31835
-12.356,2.30291
-12.354,2.28775
-12.352,2.27285
-12.35,2.25819
-12.348,2.24379
-12.346,2.22961
-12.344,2.21567
-12.342,2.20195
-12.34,2.1645
-12.338,2.15181
-12.336,2.13932
-12.334,2.127
-12.332,2.11485
-12.33,2.10288
-12.328,2.09106
-12.326,2.07941
-12.324,2.06791
-12.322,2.05656
-12.32,2.04535
-12.318,2.03428
-12.316,2.00777
-12.314,1.99741
-12.312,1.98716
-12.31,1.97703
-12.308,1.96701
-12.306,1.95711
-12.304,1.94731
-12.302,1.93761
-12.3,1.92802
-12.298,1.91853
-12.296,1.90913
-12.294,1.88993
-12.292,1.88103
-12.29,1.87222
-12.288,1.86349
-12.286,1.85483
-12.284,1.84625
-12.282,1.83775
-12.28,1.82932
-12.278,1.82096
-12.276,1.81267
-12.274,1.80445
-12.272,1.7963
-12.27,1.78289
-12.268,1.7751
-12.266,1.76736
-12.264,1.75968
-12.262,1.75206
-12.26,1.74448
-12.258,1.73696
-12.256,1.72949
-12.254,1.72207
-12.252,1.7147
-12.25,1.70737
-12.248,1.70009
-12.246,1.69109
-12.244,1.68408
-12.242,1.67711
-12.24,1.67018
-12.238,1.66328
-12.236,1.65642
-12.234,1.6496
-12.232,1.64281
-12.23,1.63606
-12.228,1.62934
-12.226,1.62265
-12.224,1.616
-12.222,1.61045
-12.22,1.60399
-12.218,1.59757
-12.216,1.59117
-12.214,1.5848
-12.212,1.57846
-12.21,1.57214
-12.208,1.56584
-12.206,1.55957
-12.204,1.55332
-12.202,1.54709
-12.2,1.54088
-12.198,1.53809
-12.196,1.53204
-12.194,1.526
-12.192,1.51999
-12.19,1.51399
-12.188,1.50801
-12.186,1.50205
-12.184,1.4961
-12.182,1.49017
-12.18,1.48425
-12.178,1.47835
-12.176,1.47246
-12.174,1.47191
-12.172,1.46614
-12.17,1.46038
-12.168,1.45463
-12.166,1.4489
-12.164,1.44317
-12.162,1.43746
-12.16,1.43175
-12.158,1.42605
-12.156,1.42036
-12.154,1.41468
-12.152,1.40901
-12.15,1.41031
-12.148,1.40473
-12.146,1.39915
-12.144,1.39358
-12.142,1.38802
-12.14,1.38246
-12.138,1.3769
-12.136,1.37135
-12.134,1.3658
-12.132,1.36026
-12.13,1.35472
-12.128,1.34918
-12.126,1.35202
-12.124,1.34655
-12.122,1.34108
-12.12,1.33561
-12.118,1.33014
-12.116,1.32468
-12.114,1.31921
-12.112,1.31374
-12.11,1.30827
-12.108,1.30281
-12.106,1.29733
-12.104,1.29186
-12.102,1.29598
-12.1,1.29055
-12.098,1.28513
-12.096,1.2797
-12.094,1.27426
-12.092,1.26883
-12.09,1.26338
-12.088,1.25794
-12.086,1.25249
-12.084,1.24703
-12.082,1.24157
-12.08,1.2361
-12.078,1.23063
-12.076,1.23584
-12.074,1.2304
-12.072,1.22494
-12.07,1.21948
-12.068,1.21402
-12.066,1.20854
-12.064,1.20306
-12.062,1.19756
-12.06,1.19206
-12.058,1.18655
-12.056,1.18103
-12.054,1.1755
-12.052,1.18157
-12.05,1.17605
-12.048,1.17052
-12.046,1.16498
-12.044,1.15942
-12.042,1.15385
-12.04,1.14827
-12.038,1.14268
-12.036,1.13708
-12.034,1.13146
-12.032,1.12582
-12.03,1.12018
-12.028,1.12692
-12.026,1.12127
-12.024,1.1156
-12.022,1.10992
-12.02,1.10422
-12.018,1.0985
-12.016,1.09276
-12.014,1.08701
-12.012,1.08124
-12.01,1.07545
-12.008,1.06965
-12.006,1.06382
-12.004,1.05798
-12.002,1.06521
-12,1.05934
-11.998,1.05345
-11.996,1.04754
-11.994,1.0416
-11.992,1.03565
-11.99,1.02967
-11.988,1.02367
-11.986,1.01764
-11.984,1.0116
-11.982,1.00552
-11.98,0.999426
-11.978,0.993305
-11.976,1.00081
-11.974,0.994637
-11.972,0.988438
-11.97,0.982213
-11.968,0.975959
-11.966,0.969677
-11.964,0.963366
-11.962,0.957025
-11.96,0.950654
-11.958,0.944253
-11.956,0.937821
-11.954,0.931357
-11.952,0.924861
-11.95,0.932374
-11.948,0.925801
-11.946,0.919193
-11.944,0.912549
-11.942,0.90587
-11.94,0.899154
-11.938,0.8924
-11.936,0.885609
-11.934,0.878779
-11.932,0.87191
-11.93,0.865001
-11.928,0.858051
-11.926,0.865328
-11.924,0.858268
-11.922,0.851164
-11.92,0.844015
-11.918,0.83682
-11.916,0.829579
-11.914,0.82229
-11.912,0.814953
-11.91,0.807567
-11.908,0.800132
-11.906,0.792645
-11.904,0.785107
-11.902,0.777516
-11.9,0.784109
-11.898,0.776361
-11.896,0.768555
-11.894,0.760691
-11.892,0.752766
-11.89,0.744782
-11.888,0.736735
-11.886,0.728625
-11.884,0.720451
-11.882,0.712211
-11.88,0.703905
-11.878,0.69553
-11.876,0.687086
-11.874,0.692441
-11.872,0.683774
-11.87,0.67503
-11.868,0.666209
-11.866,0.657308
-11.864,0.648326
-11.862,0.639262
-11.86,0.630113
-11.858,0.620878
-11.856,0.611556
-11.854,0.602143
-11.852,0.592639
-11.85,0.583042
-11.848,0.586352
-11.846,0.576434
-11.844,0.566413
-11.842,0.556285
-11.84,0.546049
-11.838,0.535701
-11.836,0.525241
-11.834,0.514664
-11.832,0.503969
-11.83,0.493152
-11.828,0.482212
-11.826,0.471144
-11.824,0.459947
-11.822,0.448616
-11.82,0.448311
-11.818,0.436496
-11.816,0.424532
-11.814,0.412414
-11.812,0.400138
-11.81,0.387701
-11.808,0.375098
-11.806,0.362325
-11.804,0.349378
-11.802,0.336252
-11.8,0.322942
-11.798,0.309444
-11.796,0.295753
-11.794,0.289986
-11.792,0.275556
-11.79,0.260903
-11.788,0.246022
-11.786,0.230906
-11.784,0.215549
-11.782,0.199943
-11.78,0.18408
-11.778,0.167953
-11.776,0.151555
-11.774,0.134876
-11.772,0.117909
-11.77,0.100643
-11.768,0.0858015
-11.766,0.0673441
-11.764,0.0485367
-11.762,0.0293676
-11.76,0.00982464
-11.758,-0.0101051
-11.756,-0.0304351
-11.754,-0.0511792
-11.752,-0.0723522
-11.75,-0.0939696
-11.748,-0.116047
-11.746,-0.138603
-11.744,-0.161653
-11.742,-0.192454
-11.74,-0.217585
-11.738,-0.243318
-11.736,-0.269678
-11.734,-0.296689
-11.732,-0.32438
-11.73,-0.352779
-11.728,-0.381917
-11.726,-0.411825
-11.724,-0.442538
-11.722,-0.474091
-11.72,-0.506524
-11.718,-0.539877
-11.716,-0.574193
-11.714,-0.638855
-11.712,-0.677466
-11.71,-0.717315
-11.708,-0.758465
-11.706,-0.800987
-11.704,-0.844954
-11.702,-0.890447
-11.7,-0.937551
-11.698,-0.986361
-11.696,-1.03697
-11.694,-1.0895
-11.692,-1.14406
-11.69,-1.20077
-11.688,-1.25977
-11.686,-1.40549
-11.684,-1.47554
-11.682,-1.54882
-11.68,-1.62558
-11.678,-1.70609
-11.676,-1.79062
-11.674,-1.87951
-11.672,-1.97311
-11.67,-2.07181
-11.668,-2.17606
-11.666,-2.28635
-11.664,-2.40324
-11.662,-2.52736
-11.66,-2.91083
-11.658,-3.07411
-11.656,-3.24969
-11.654,-3.43902
-11.652,-3.64382
-11.65,-3.86609
-11.648,-4.10821
-11.646,-4.37298
-11.644,-4.66379
-11.642,-4.98472
-11.64,-5.34075
-11.638,-5.73802
-11.636,-6.18421
-11.634,-6.68902
-11.632,-8.82703
-11.63,-9.78741
-11.628,-10.9451
-11.626,-12.3682
-11.624,-14.16
-11.622,-16.4854
-11.62,-19.6251
-11.618,-24.0982
-11.616,-30.9845
-11.614,-42.9605
-11.612,-68.9822
-11.61,-168.826
-11.608,-408
-11.606,-94.0364
-11.604,-26.5606
-11.602,-22.1207
-11.6,-19.0114
-11.598,-16.7121
-11.596,-14.9426
-11.594,-13.5385
-11.592,-12.3971
-11.59,-11.4508
-11.588,-10.6534
-11.586,-9.97229
-11.584,-9.38364
-11.582,-8.86977
-11.58,-8.41721
-11.578,-8.01555
-11.576,-6.86001
-11.574,-6.60818
-11.572,-6.37801
-11.57,-6.16678
-11.568,-5.97222
-11.566,-5.79241
-11.564,-5.62571
-11.562,-5.47072
-11.56,-5.32621
-11.558,-5.19115
-11.556,-5.06461
-11.554,-4.9458
-11.552,-4.83402
-11.55,-4.72864
-11.548,-4.38149
-11.546,-4.29975
-11.544,-4.22203
-11.542,-4.14801
-11.54,-4.07745
-11.538,-4.01008
-11.536,-3.94569
-11.534,-3.88407
-11.532,-3.82505
-11.53,-3.76844
-11.528,-3.71411
-11.526,-3.6619
-11.524,-3.6117
-11.522,-3.56336
-11.52,-3.39936
-11.518,-3.35871
-11.516,-3.31941
-11.514,-3.2814
-11.512,-3.24461
-11.51,-3.20897
-11.508,-3.17443
-11.506,-3.14092
-11.504,-3.10841
-11.502,-3.07684
-11.5,-3.04617
-11.498,-3.01635
-11.496,-2.98735
-11.494,-2.95913
-11.492,-2.86592
-11.49,-2.84111
-11.488,-2.81691
-11.486,-2.79329
-11.484,-2.77023
-11.482,-2.7477
-11.48,-2.72568
-11.478,-2.70416
-11.476,-2.68311
-11.474,-2.66251
-11.472,-2.64235
-11.47,-2.62261
-11.468,-2.60327
-11.466,-2.58433
-11.464,-2.52628
-11.462,-2.50915
-11.46,-2.49234
-11.458,-2.47583
-11.456,-2.45962
-11.454,-2.4437
-11.452,-2.42805
-11.45,-2.41266
-11.448,-2.39754
-11.446,-2.38266
-11.444,-2.36803
-11.442,-2.35363
-11.44,-2.33945
-11.438,-2.3255
-11.436,-2.28771
-11.434,-2.27484
-11.432,-2.26215
-11.43,-2.24963
-11.428,-2.23729
-11.426,-2.22512
-11.424,-2.21311
-11.422,-2.20125
-11.42,-2.18955
-11.418,-2.178
-11.416,-2.1666
-11.414,-2.15533
-11.412,-2.1442
-11.41,-2.13321
-11.408,-2.12234
-11.406,-2.09801
-11.404,-2.08782
-11.402,-2.07775
-11.4,-2.06778
-11.398,-2.05791
-11.396,-2.04815
-11.394,-2.03848
-11.392,-2.02892
-11.39,-2.01944
-11.388,-2.01006
-11.386,-2.00077
-11.384,-1.99156
-11.382,-1.98244
-11.38,-1.97341
-11.378,-1.95769
-11.376,-1.94912
-11.374,-1.94061
-11.372,-1.93218
-11.37,-1.92381
-11.368,-1.91551
-11.366,-1.90728
-11.364,-1.8991
-11.362,-1.89099
-11.36,-1.88294
-11.358,-1.87495
-11.356,-1.86701
-11.354,-1.85913
-11.352,-1.8513
-11.35,-1.84182
-11.348,-1.83432
-11.346,-1.82687
-11.344,-1.81946
-11.342,-1.8121
-11.34,-1.80478
-11.338,-1.79751
-11.336,-1.79028
-11.334,-1.78308
-11.332,-1.77593
-11.33,-1.76882
-11.328,-1.76174
-11.326,-1.7547
-11.324,-1.7477
-11.322,-1.74073
-11.32,-1.73613
-11.318,-1.72939
-11.316,-1.72269
-11.314,-1.71602
-11.312,-1.70937
-11.31,-1.70276
-11.308,-1.69617
-11.306,-1.6896
-11.304,-1.68307
-11.302,-1.67655
-11.3,-1.67007
-11.298,-1.6636
-11.296,-1.65716
-11.294,-1.65074
-11.292,-1.64435
-11.29,-1.64348
-11.288,-1.63726
-11.286,-1.63105
-11.284,-1.62486
-11.282,-1.61869
-11.28,-1.61254
-11.278,-1.6064
-11.276,-1.60028
-11.274,-1.59418
-11.272,-1.58809
-11.27,-1.58201
-11.268,-1.57595
-11.266,-1.5699
-11.264,-1.56387
-11.262,-1.55785
-11.26,-1.55991
-11.258,-1.55401
-11.256,-1.54813
-11.254,-1.54225
-11.252,-1.53638
-11.25,-1.53052
-11.248,-1.52467
-11.246,-1.51883
-11.244,-1.513
-11.242,-1.50717
-11.24,-1.50135
-11.238,-1.49554
-11.236,-1.48973
-11.234,-1.48393
-11.232,-1.48824
-11.23,-1.48253
-11.228,-1.47683
-11.226,-1.47113
-11.224,-1.46543
-11.222,-1.45973
-11.22,-1.45403
-11.218,-1.44834
-11.216,-1.44265
-11.214,-1.43696
-11.212,-1.43127
-11.21,-1.42558
-11.208,-1.4199
-11.206,-1.41421
-11.204,-1.40852
-11.202,-1.41475
-11.2,-1.40912
-11.198,-1.40349
-11.196,-1.39786
-11.194,-1.39223
-11.192,-1.3866
-11.19,-1.38096
-11.188,-1.37532
-11.186,-1.36967
-11.184,-1.36402
-11.182,-1.35836
-11.18,-1.3527
-11.178,-1.34704
-11.176,-1.34136
-11.174,-1.33569
-11.172,-1.34345
-11.17,-1.33781
-11.168,-1.33216
-11.166,-1.32651
-11.164,-1.32085
-11.162,-1.31518
-11.16,-1.3095
-11.158,-1.30381
-11.156,-1.29811
-11.154,-1.2924
-11.152,-1.28668
-11.15,-1.28095
-11.148,-1.27521
-11.146,-1.26946
-11.144,-1.2637
-11.142,-1.27267
-11.14,-1.26692
-11.138,-1.26116
-11.136,-1.25539
-11.134,-1.2496
-11.132,-1.2438
-11.13,-1.23798
-11.128,-1.23215
-11.126,-1.2263
-11.124,-1.22044
-11.122,-1.21456
-11.12,-1.20867
-11.118,-1.20275
-11.116,-1.19683
-11.114,-1.19088
-11.112,-1.18492
-11.11,-1.19481
-11.108,-1.18883
-11.106,-1.18284
-11.104,-1.17682
-11.102,-1.17079
-11.1,-1.16473
-11.098,-1.15865
-11.096,-1.15255
-11.094,-1.14643
-11.092,-1.14029
-11.09,-1.13412
-11.088,-1.12793
-11.086,-1.12172
-11.084,-1.11548
-11.082,-1.10922
-11.08,-1.11968
-11.078,-1.11338
-11.076,-1.10705
-11.074,-1.10069
-11.072,-1.0943
-11.07,-1.08789
-11.068,-1.08145
-11.066,-1.07497
-11.064,-1.06847
-11.062,-1.06194
-11.06,-1.05537
-11.058,-1.04878
-11.056,-1.04215
-11.054,-1.03549
-11.052,-1.02879
-11.05,-1.03946
-11.048,-1.03269
-11.046,-1.02589
-11.044,-1.01904
-11.042,-1.01216
-11.04,-1.00524
-11.038,-0.998282
-11.036,-0.991284
-11.034,-0.984244
-11.032,-0.977164
-11.03,-0.970041
-11.028,-0.962876
-11.026,-0.955668
-11.024,-0.948415
-11.022,-0.941117
-11.02,-0.951542
-11.018,-0.944122
-11.016,-0.936653
-11.014,-0.929134
-11.012,-0.921564
-11.01,-0.913942
-11.008,-0.906268
-11.006,-0.898539
-11.004,-0.890756
-11.002,-0.882916
-11,-0.87502
-10.998,-0.867066
-10.996,-0.859052
-10.994,-0.850979
-10.992,-0.842844
-10.99,-0.834647
-10.988,-0.844079
-10.986,-0.83569
-10.984,-0.827232
-10.982,-0.818704
-10.98,-0.810105
-10.978,-0.801432
-10.976,-0.792686
-10.974,-0.783864
-10.972,-0.774964
-10.97,-0.765986
-10.968,-0.756928
-10.966,-0.747787
-10.964,-0.738563
-10.962,-0.729253
-10.96,-0.719856
-10.958,-0.71037
-10.956,-0.717744
-10.954,-0.707958
-10.952,-0.698072
-10.95,-0.688086
-10.948,-0.677997
-10.946,-0.667802
-10.944,-0.6575
-10.942,-0.647087
-10.94,-0.636561
-10.938,-0.625921
-10.936,-0.615162
-10.934,-0.604283
-10.932,-0.593281
-10.93,-0.582153
-10.928,-0.570895
-10.926,-0.574804
-10.924,-0.563079
-10.922,-0.551209
-10.92,-0.539191
-10.918,-0.527019
-10.916,-0.514691
-10.914,-0.502203
-10.912,-0.48955
-10.91,-0.476729
-10.908,-0.463735
-10.906,-0.450563
-10.904,-0.43721
-10.902,-0.42367
-10.9,-0.409937
-10.898,-0.396008
-10.896,-0.381877
-10.894,-0.37913
-10.892,-0.364216
-10.89,-0.34907
-10.888,-0.333684
-10.886,-0.318052
-10.884,-0.302166
-10.882,-0.286019
-10.88,-0.269604
-10.878,-0.252911
-10.876,-0.235933
-10.874,-0.218661
-10.872,-0.201086
-10.87,-0.183198
-10.868,-0.164986
-10.866,-0.146442
-10.864,-0.127554
-10.862,-0.112323
-10.86,-0.0920189
-10.858,-0.0713062
-10.856,-0.0501713
-10.854,-0.0285991
-10.852,-0.00657411
-10.85,0.0159202
-10.848,0.0389011
-10.846,0.0623865
-10.844,0.0863954
-10.842,0.110948
-10.84,0.136065
-10.838,0.161768
-10.836,0.188081
-10.834,0.215028
-10.832,0.242634
-10.83,0.283321
-10.828,0.313828
-10.826,0.345155
-10.824,0.37734
-10.822,0.410421
-10.82,0.444439
-10.818,0.479439
-10.816,0.515468
-10.814,0.552574
-10.812,0.590811
-10.81,0.630235
-10.808,0.670906
-10.806,0.71289
-10.804,0.756255
-10.802,0.801075
-10.8,0.847429
-10.798,0.948697
-10.796,1.00234
-10.794,1.05804
-10.792,1.11595
-10.79,1.17619
-10.788,1.23891
-10.786,1.30429
-10.784,1.3725
-10.782,1.44373
-10.78,1.5182
-10.778,1.59615
-10.776,1.67784
-10.774,1.76354
-10.772,1.85357
-10.77,1.94829
-10.768,2.04807
-10.766,2.34338
-10.764,2.47023
-10.762,2.60517
-10.76,2.749
-10.758,2.90265
-10.756,3.0672
-10.754,3.24385
-10.752,3.43403
-10.75,3.63936
-10.748,3.86177
-10.746,4.10351
-10.744,4.36725
-10.742,4.65616
-10.74,4.97407
-10.738,5.32562
-10.736,5.71651
-10.734,7.32415
-10.732,8.00198
-10.73,8.79061
-10.728,9.71976
-10.726,10.8308
-10.724,12.1831
-10.722,13.8652
-10.72,16.0146
-10.718,18.8579
-10.716,22.7965
-10.714,28.6152
-10.712,38.0837
-10.71,56.2085
-10.708,104.867
-10.706,673.849
-10.704,156.909
-10.702,30.2198
-10.7,24.8217
-10.698,21.1332
-10.696,18.4529
-10.694,16.4168
-10.692,14.8175
-10.69,13.5279
-10.688,12.4657
-10.686,11.5757
-10.684,10.819
-10.682,10.1677
-10.68,9.60103
-10.678,9.10354
-10.676,8.66321
-10.674,8.27067
-10.672,7.9185
-10.67,6.8525
-10.668,6.62622
-10.666,6.418
-10.664,6.22573
-10.662,6.04763
-10.66,5.88216
-10.658,5.728
-10.656,5.58402
-10.654,5.44922
-10.652,5.32274
-10.65,5.2038
-10.648,5.09175
-10.646,4.98599
-10.644,4.88598
-10.642,4.79126
-10.64,4.70141
-10.638,4.61604
-10.636,4.3239
-10.634,4.25616
-10.632,4.19137
-10.63,4.12932
-10.628,4.06983
-10.626,4.01275
-10.624,3.95792
-10.622,3.90521
-10.62,3.85448
-10.618,3.80562
-10.616,3.75853
-10.614,3.7131
-10.612,3.66924
-10.61,3.62686
-10.608,3.58589
-10.606,3.54626
-10.604,3.41137
-10.602,3.37751
-10.6,3.34464
-10.598,3.31272
-10.596,3.2817
-10.594,3.25153
-10.592,3.22218
-10.59,3.19361
-10.588,3.16579
-10.586,3.13869
-10.584,3.11227
-10.582,3.08651
-10.58,3.06137
-10.578,3.03684
-10.576,3.01288
-10.574,2.98948
-10.572,2.91615
-10.57,2.89534
-10.568,2.87497
-10.566,2.85502
-10.564,2.83548
-10.562,2.81633
-10.56,2.79757
-10.558,2.77917
-10.556,2.76112
-10.554,2.74341
-10.552,2.72603
-10.55,2.70897
-10.548,2.69222
-10.546,2.67576
-10.544,2.65959
-10.542,2.6437
-10.54,2.62807
-10.538,2.58686
-10.536,2.57258
-10.534,2.55852
-10.532,2.54468
-10.53,2.53104
-10.528,2.51761
-10.526,2.50438
-10.524,2.49133
-10.522,2.47848
-10.52,2.4658
-10.518,2.45329
-10.516,2.44096
-10.514,2.42878
-10.512,2.41677
-10.51,2.40492
-10.508,2.39321
-10.506,2.38166
-10.504,2.35881
-10.502,2.34804
-10.5,2.33739
-10.498,2.32687
-10.496,2.31647
-10.494,2.30618
-10.492,2.296
-10.49,2.28593
-10.488,2.27596
-10.486,2.26611
-10.484,2.25635
-10.482,2.24669
-10.48,2.23712
-10.478,2.22765
-10.476,2.21827
-10.474,2.20898
-10.472,2.19978
-10.47,2.18866
-10.468,2.17996
-10.466,2.17133
-10.464,2.16278
-10.462,2.15429
-10.46,2.14588
-10.458,2.13753
-10.456,2.12925
-10.454,2.12103
-10.452,2.11287
-10.45,2.10478
-10.448,2.09675
-10.446,2.08877
-10.444,2.08085
-10.442,2.07299
-10.44,2.06518
-10.438,2.0619
-10.436,2.05443
-10.434,2.04702
-10.432,2.03965
-10.43,2.03232
-10.428,2.02504
-10.426,2.0178
-10.424,2.0106
-10.422,2.00344
-10.42,1.99633
-10.418,1.98925
-10.416,1.98221
-10.414,1.97521
-10.412,1.96824
-10.41,1.96131
-10.408,1.95441
-10.406,1.94755
-10.404,1.95031
-10.402,1.94369
-10.4,1.93709
-10.398,1.93053
-10.396,1.92399
-10.394,1.91748
-10.392,1.91099
-10.39,1.90453
-10.388,1.89809
-10.386,1.89168
-10.384,1.88529
-10.382,1.87893
-10.38,1.87259
-10.378,1.86627
-10.376,1.85997
-10.374,1.85369
-10.372,1.84743
-10.37,1.85485
-10.368,1.84876
-10.366,1.84269
-10.364,1.83663
-10.362,1.83059
-10.36,1.82457
-10.358,1.81856
-10.356,1.81256
-10.354,1.80658
-10.352,1.80061
-10.35,1.79466
-10.348,1.78872
-10.346,1.78278
-10.344,1.77687
-10.342,1.77096
-10.34,1.76506
-10.338,1.75917
-10.336,1.7703
-10.334,1.76454
-10.332,1.75878
-10.33,1.75303
-10.328,1.74729
-10.326,1.74156
-10.324,1.73583
-10.322,1.7301
-10.32,1.72438
-10.318,1.71867
-10.316,1.71296
-10.314,1.70726
-10.312,1.70156
-10.31,1.69587
-10.308,1.69017
-10.306,1.68449
-10.304,1.6788
-10.302,1.67312
-10.3,1.68737
-10.298,1.68177
-10.296,1.67617
-10.294,1.67057
-10.292,1.66497
-10.29,1.65937
-10.288,1.65377
-10.286,1.64816
-10.284,1.64256
-10.282,1.63695
-10.28,1.63134
-10.278,1.62573
-10.276,1.62012
-10.274,1.6145
-10.272,1.60888
-10.27,1.60326
-10.268,1.59763
-10.266,1.61439
-10.264,1.60882
-10.262,1.60323
-10.26,1.59765
-10.258,1.59205
-10.256,1.58645
-10.254,1.58084
-10.252,1.57522
-10.25,1.5696
-10.248,1.56397
-10.246,1.55833
-10.244,1.55268
-10.242,1.54702
-10.24,1.54135
-10.238,1.53567
-10.236,1.52999
-10.234,1.52429
-10.232,1.54316
-10.23,1.53748
-10.228,1.53179
-10.226,1.5261
-10.224,1.52038
-10.222,1.51466
-10.22,1.50892
-10.218,1.50317
-10.216,1.4974
-10.214,1.49162
-10.212,1.48582
-10.21,1.48001
-10.208,1.47418
-10.206,1.46834
-10.204,1.46248
-10.202,1.45661
-10.2,1.45071
-10.198,1.47131
-10.196,1.46541
-10.194,1.4595
-10.192,1.45356
-10.19,1.4476
-10.188,1.44162
-10.186,1.43563
-10.184,1.42961
-10.182,1.42356
-10.18,1.4175
-10.178,1.41142
-10.176,1.40531
-10.174,1.39918
-10.172,1.39302
-10.17,1.38684
-10.168,1.38064
-10.166,1.37441
-10.164,1.36815
-10.162,1.3901
-10.16,1.3838
-10.158,1.37748
-10.156,1.37112
-10.154,1.36474
-10.152,1.35833
-10.15,1.35189
-10.148,1.34542
-10.146,1.33892
-10.144,1.33238
-10.142,1.32581
-10.14,1.31921
-10.138,1.31258
-10.136,1.30591
-10.134,1.29921
-10.132,1.29247
-10.13,1.2857
-10.128,1.27888
-10.126,1.30167
-10.124,1.29477
-10.122,1.28783
-10.12,1.28085
-10.118,1.27383
-10.116,1.26677
-10.114,1.25967
-10.112,1.25252
-10.11,1.24532
-10.108,1.23808
-10.106,1.2308
-10.104,1.22347
-10.102,1.21609
-10.1,1.20866
-10.098,1.20118
-10.096,1.19365
-10.094,1.18607
-10.092,1.2091
-10.09,1.20137
-10.088,1.19359
-10.086,1.18574
-10.084,1.17785
-10.082,1.16989
-10.08,1.16187
-10.078,1.15378
-10.076,1.14564
-10.074,1.13743
-10.072,1.12915
-10.07,1.12081
-10.068,1.1124
-10.066,1.10392
-10.064,1.09537
-10.062,1.08675
-10.06,1.07805
-10.058,1.06928
-10.056,1.09148
-10.054,1.08247
-10.052,1.07337
-10.05,1.06419
-10.048,1.05492
-10.046,1.04556
-10.044,1.03611
-10.042,1.02657
-10.04,1.01694
-10.038,1.00721
-10.036,0.997384
-10.034,0.987457
-10.032,0.977428
-10.03,0.967295
-10.028,0.957056
-10.026,0.946708
-10.024,0.936248
-10.022,0.925675
-10.02,0.945349
-10.018,0.934366
-10.016,0.923257
-10.014,0.912016
-10.012,0.900643
-10.01,0.889132
-10.008,0.877482
-10.006,0.865689
-10.004,0.853748
-10.002,0.841658
-10,0.829414
-9.998,0.817012
-9.996,0.804449
-9.994,0.79172
-9.992,0.778821
-9.99,0.765749
-9.988,0.752497
-9.986,0.739063
-9.984,0.753073
-9.982,0.738924
-9.98,0.724565
-9.978,0.709991
-9.976,0.695196
-9.974,0.680172
-9.972,0.664915
-9.97,0.649418
-9.968,0.633672
-9.966,0.617672
-9.964,0.60141
-9.962,0.584879
-9.96,0.568069
-9.958,0.550973
-9.956,0.533583
-9.954,0.515889
-9.952,0.497882
-9.95,0.479552
-9.948,0.481478
-9.946,0.461792
-9.944,0.441724
-9.942,0.421262
-9.94,0.400392
-9.938,0.379099
-9.936,0.357369
-9.934,0.335187
-9.932,0.312537
-9.93,0.289402
-9.928,0.265764
-9.926,0.241605
-9.924,0.216904
-9.922,0.191643
-9.92,0.165799
-9.918,0.13935
-9.916,0.112272
-9.914,0.0845394
-9.912,0.0591527
-9.91,0.0284641
-9.908,-0.00303846
-9.906,-0.0353906
-9.904,-0.0686301
-9.902,-0.102797
-9.9,-0.137933
-9.898,-0.174085
-9.896,-0.211299
-9.894,-0.249626
-9.892,-0.289122
-9.89,-0.329843
-9.888,-0.371852
-9.886,-0.415214
-9.884,-0.460001
-9.882,-0.506287
-9.88,-0.554153
-9.878,-0.603687
-9.876,-0.701746
-9.874,-0.759515
-9.872,-0.819559
-9.87,-0.88202
-9.868,-0.947053
-9.866,-1.01483
-9.864,-1.08553
-9.862,-1.15935
-9.86,-1.23652
-9.858,-1.31728
-9.856,-1.40189
-9.854,-1.49063
-9.852,-1.58384
-9.85,-1.68187
-9.848,-1.7851
-9.846,-1.89399
-9.844,-2.00901
-9.842,-2.13071
-9.84,-2.50777
-9.838,-2.66761
-9.836,-2.83871
-9.834,-3.02234
-9.832,-3.21994
-9.83,-3.43318
-9.828,-3.66404
-9.826,-3.91481
-9.824,-4.18821
-9.822,-4.48749
-9.82,-4.81654
-9.818,-5.18007
-9.816,-5.58384
-9.814,-6.03498
-9.812,-6.54241
-9.81,-7.11741
-9.808,-7.77453
-9.806,-8.53279
-9.804,-12.3778
-9.802,-14.1297
-9.8,-16.3645
-9.798,-19.314
-9.796,-23.3868
-9.794,-29.3766
-9.792,-39.0546
-9.79,-57.3451
-9.788,-104.971
-9.786,-538.482
-9.784,-179.16
-9.782,-78.121
-9.78,-50.4786
-9.778,-37.565
-9.776,-30.084
-9.774,-25.2028
-9.772,-21.7665
-9.77,-19.216
-9.768,-17.2477
-9.766,-12.5751
-9.764,-11.7868
-9.762,-11.1076
-9.76,-10.5165
-9.758,-9.99711
-9.756,-9.5372
-9.754,-9.12703
-9.752,-8.75891
-9.75,-8.42665
-9.748,-8.12522
-9.746,-7.85049
-9.744,-7.59904
-9.742,-7.368
-9.74,-7.15495
-9.738,-6.95787
-9.736,-6.77498
-9.734,-6.6048
-9.732,-6.44603
-9.73,-5.92186
-9.728,-5.80561
-9.726,-5.69586
-9.724,-5.59207
-9.722,-5.49376
-9.72,-5.40049
-9.718,-5.31188
-9.716,-5.22758
-9.714,-5.14726
-9.712,-5.07065
-9.71,-4.99748
-9.708,-4.92753
-9.706,-4.86057
-9.704,-4.79641
-9.702,-4.73488
-9.7,-4.6758
-9.698,-4.61902
-9.696,-4.56442
-9.694,-4.39201
-9.692,-4.34678
-9.69,-4.30309
-9.688,-4.26086
-9.686,-4.22
-9.684,-4.18045
-9.682,-4.14214
-9.68,-4.10501
-9.678,-4.069
-9.676,-4.03406
-9.674,-4.00013
-9.672,-3.96718
-9.67,-3.93515
-9.668,-3.904
-9.666,-3.87369
-9.664,-3.84419
-9.662,-3.81546
-9.66,-3.78747
-9.658,-3.76019
-9.656,-3.69434
-9.654,-3.67042
-9.652,-3.64705
-9.65,-3.6242
-9.648,-3.60187
-9.646,-3.58003
-9.644,-3.55865
-9.642,-3.53774
-9.64,-3.51725
-9.638,-3.4972
-9.636,-3.47754
-9.634,-3.45828
-9.632,-3.4394
-9.63,-3.42088
-9.628,-3.40272
-9.626,-3.3849
-9.624,-3.3674
-9.622,-3.35023
-9.62,-3.33336
-9.618,-3.31392
-9.616,-3.29863
-9.614,-3.2836
-9.612,-3.26881
-9.61,-3.25426
-9.608,-3.23994
-9.606,-3.22584
-9.604,-3.21196
-9.602,-3.19829
-9.6,-3.18482
-9.598,-3.17155
-9.596,-3.15848
-9.594,-3.14559
-9.592,-3.13288
-9.59,-3.12034
-9.588,-3.10798
-9.586,-3.09579
-9.584,-3.08376
-9.582,-3.07188
-9.58,-3.0783
-9.578,-3.0673
-9.576,-3.05643
-9.574,-3.04569
-9.572,-3.03508
-9.57,-3.02458
-9.568,-3.01421
-9.566,-3.00396
-9.564,-2.99382
-9.562,-2.98379
-9.56,-2.97387
-9.558,-2.96405
-9.556,-2.95434
-9.554,-2.94472
-9.552,-2.93521
-9.55,-2.92579
-9.548,-2.91646
-9.546,-2.90722
-9.544,-2.93021
-9.542,-2.92152
-9.54,-2.9129
-9.538,-2.90436
-9.536,-2.8959
-9.534,-2.88751
-9.532,-2.87918
-9.53,-2.87093
-9.528,-2.86275
-9.526,-2.85463
-9.524,-2.84658
-9.522,-2.83858
-9.52,-2.83066
-9.518,-2.82279
-9.516,-2.81498
-9.514,-2.80722
-9.512,-2.79953
-9.51,-2.79188
-9.508,-2.7843
-9.506,-2.8201
-9.504,-2.81287
-9.502,-2.80568
-9.5,-2.79854
-9.498,-2.79144
-9.496,-2.78439
-9.494,-2.77737
-9.492,-2.7704
-9.49,-2.76347
-9.488,-2.75658
-9.486,-2.74973
-9.484,-2.74291
-9.482,-2.73613
-9.48,-2.72939
-9.478,-2.72268
-9.476,-2.71601
-9.474,-2.70937
-9.472,-2.70276
-9.47,-2.69619
-9.468,-2.74248
-9.466,-2.73615
-9.464,-2.72984
-9.462,-2.72356
-9.46,-2.71731
-9.458,-2.71108
-9.456,-2.70488
-9.454,-2.6987
-9.452,-2.69255
-9.45,-2.68642
-9.448,-2.68031
-9.446,-2.67422
-9.444,-2.66815
-9.442,-2.66211
-9.44,-2.65609
-9.438,-2.65008
-9.436,-2.6441
-9.434,-2.63813
-9.432,-2.63218
-9.43,-2.68773
-9.428,-2.68195
-9.426,-2.67618
-9.424,-2.67043
-9.422,-2.6647
-9.42,-2.65897
-9.418,-2.65327
-9.416,-2.64757
-9.414,-2.64189
-9.412,-2.63622
-9.41,-2.63056
-9.408,-2.62491
-9.406,-2.61927
-9.404,-2.61365
-9.402,-2.60803
-9.4,-2.60242
-9.398,-2.59682
-9.396,-2.59124
-9.394,-2.58566
-9.392,-2.58008
-9.39,-2.6444
-9.388,-2.63895
-9.386,-2.6335
-9.384,-2.62805
-9.382,-2.62261
-9.38,-2.61718
-9.378,-2.61175
-9.376,-2.60632
-9.374,-2.6009
-9.372,-2.59548
-9.37,-2.59006
-9.368,-2.58465
-9.366,-2.57924
-9.364,-2.57383
-9.362,-2.56842
-9.36,-2.56302
-9.358,-2.55762
-9.356,-2.55221
-9.354,-2.54681
-9.352,-2.6196
-9.35,-2.61428
-9.348,-2.60895
-9.346,-2.60362
-9.344,-2.59829
-9.342,-2.59296
-9.34,-2.58762
-9.338,-2.58228
-9.336,-2.57694
-9.334,-2.5716
-9.332,-2.56625
-9.33,-2.5609
-9.328,-2.55555
-9.326,-2.55019
-9.324,-2.54482
-9.322,-2.53945
-9.32,-2.53407
-9.318,-2.52869
-9.316,-2.52331
-9.314,-2.6047
-9.312,-2.59935
-9.31,-2.594
-9.308,-2.58864
-9.306,-2.58327
-9.304,-2.57789
-9.302,-2.57251
-9.3,-2.56711
-9.298,-2.56171
-9.296,-2.55629
-9.294,-2.55087
-9.292,-2.54543
-9.29,-2.53999
-9.288,-2.53453
-9.286,-2.52906
-9.284,-2.52358
-9.282,-2.51809
-9.28,-2.51258
-9.278,-2.50706
-9.276,-2.59742
-9.274,-2.59191
-9.272,-2.58639
-9.27,-2.58085
-9.268,-2.5753
-9.266,-2.56973
-9.264,-2.56415
-9.262,-2.55855
-9.26,-2.55293
-9.258,-2.5473
-9.256,-2.54165
-9.254,-2.53598
-9.252,-2.5303
-9.25,-2.52459
-9.248,-2.51887
-9.246,-2.51313
-9.244,-2.50737
-9.242,-2.50158
-9.24,-2.49578
-9.238,-2.48996
-9.236,-2.58982
-9.234,-2.58397
-9.232,-2.5781
-9.23,-2.5722
-9.228,-2.56628
-9.226,-2.56034
-9.224,-2.55438
-9.222,-2.54838
-9.22,-2.54237
-9.218,-2.53632
-9.216,-2.53025
-9.214,-2.52415
-9.212,-2.51803
-9.21,-2.51188
-9.208,-2.5057
-9.206,-2.49949
-9.204,-2.49325
-9.202,-2.48698
-9.2,-2.48068
-9.198,-2.47435
-9.196,-2.58434
-9.194,-2.57794
-9.192,-2.57151
-9.19,-2.56504
-9.188,-2.55854
-9.186,-2.552
-9.184,-2.54542
-9.182,-2.53881
-9.18,-2.53215
-9.178,-2.52546
-9.176,-2.51874
-9.174,-2.51197
-9.172,-2.50516
-9.17,-2.49831
-9.168,-2.49142
-9.166,-2.48449
-9.164,-2.47751
-9.162,-2.47049
-9.16,-2.46342
-9.158,-2.58435
-9.156,-2.57716
-9.154,-2.56991
-9.152,-2.56262
-9.15,-2.55528
-9.148,-2.54788
-9.146,-2.54043
-9.144,-2.53293
-9.142,-2.52537
-9.14,-2.51776
-9.138,-2.51009
-9.136,-2.50236
-9.134,-2.49458
-9.132,-2.48673
-9.13,-2.47883
-9.128,-2.47086
-9.126,-2.46283
-9.124,-2.45473
-9.122,-2.44657
-9.12,-2.43835
-9.118,-2.57085
-9.116,-2.5624
-9.114,-2.55388
-9.112,-2.54528
-9.11,-2.5366
-9.108,-2.52785
-9.106,-2.51902
-9.104,-2.5101
-9.102,-2.5011
-9.1,-2.49202
-9.098,-2.48286
-9.096,-2.4736
-9.094,-2.46426
-9.092,-2.45482
-9.09,-2.44529
-9.088,-2.43567
-9.086,-2.42595
-9.084,-2.41613
-9.082,-2.40621
-9.08,-2.39619
-9.078,-2.5406
-9.076,-2.53019
-9.074,-2.51967
-9.072,-2.50902
-9.07,-2.49826
-9.068,-2.48737
-9.066,-2.47636
-9.064,-2.46522
-9.062,-2.45394
-9.06,-2.44253
-9.058,-2.43099
-9.056,-2.4193
-9.054,-2.40747
-9.052,-2.39549
-9.05,-2.38335
-9.048,-2.37107
-9.046,-2.35862
-9.044,-2.34601
-9.042,-2.33324
-9.04,-2.32029
-9.038,-2.46736
-9.036,-2.45372
-9.034,-2.43989
-9.032,-2.42585
-9.03,-2.41161
-9.028,-2.39715
-9.026,-2.38248
-9.024,-2.36759
-9.022,-2.35247
-9.02,-2.33711
-9.018,-2.32151
-9.016,-2.30567
-9.014,-2.28957
-9.012,-2.27321
-9.01,-2.25657
-9.008,-2.23966
-9.006,-2.22247
-9.004,-2.20498
-9.002,-2.18719
-9,-2.16908
-8.998,-2.15065
-8.996,-2.1319
-8.994,-2.1128
-8.992,-2.09334
-8.99,-2.07353
-8.988,-2.05334
-8.986,-2.03276
-8.984,-2.01178
-8.982,-1.99039
-8.98,-1.96857
-8.978,-1.94631
-8.976,-1.92359
-8.974,-1.9004
-8.972,-1.87672
-8.97,-1.85254
-8.968,-1.82783
-8.966,-1.80258
-8.964,-1.77676
-8.962,-1.75036
-8.96,-1.72335
-8.958,-1.69572
-8.956,-1.66743
-8.954,-1.63846
-8.952,-1.60879
-8.95,-1.57838
-8.948,-1.5472
-8.946,-1.51524
-8.944,-1.48244
-8.942,-1.44878
-8.94,-1.41421
-8.938,-1.37871
-8.936,-1.34222
-8.934,-1.30471
-8.932,-1.26613
-8.93,-1.22642
-8.928,-1.18554
-8.926,-1.14343
-8.924,-1.10002
-8.922,-1.05526
-8.92,-1.00908
-8.918,-0.961402
-8.916,-0.912151
-8.914,-0.861243
-8.912,-0.808591
-8.91,-0.754098
-8.908,-0.697662
-8.906,-0.639173
-8.904,-0.578511
-8.902,-0.515548
-8.9,-0.450145
-8.898,-0.382154
-8.896,-0.31141
-8.894,-0.237739
-8.892,-0.160947
-8.89,-0.0808272
-8.888,0.00284975
-8.886,0.0903328
-8.884,0.181895
-8.882,0.277836
-8.88,0.378487
-8.878,0.48421
-8.876,0.59541
-8.874,0.712532
-8.872,0.836072
-8.87,0.966584
-8.868,1.10469
-8.866,1.25107
-8.864,1.40653
-8.862,1.57193
-8.86,1.74829
-8.858,1.93674
-8.856,2.13858
-8.854,2.35532
-8.852,2.5887
-8.85,2.84071
-8.848,3.11372
-8.846,3.41048
-8.844,3.73426
-8.842,4.08897
-8.84,4.47929
-8.838,4.9109
-8.836,5.39077
-8.834,5.92751
-8.832,6.53193
-8.83,7.21776
-8.828,8.00268
-8.826,8.90996
-8.824,9.9707
-8.822,11.2276
-8.82,12.7406
-8.818,14.5972
-8.816,16.9297
-8.814,19.9482
-8.812,24.0078
-8.81,29.7601
-8.808,38.5435
-8.806,53.6131
-8.804,85.4813
-8.802,197.631
-8.8,778.273
-8.798,135.95
-8.796,75.929
-8.794,53.3479
-8.792,41.5028
-8.79,34.2073
-8.788,29.262
-8.786,25.6886
-8.784,22.9856
-8.782,20.8693
-8.78,19.1672
-8.778,17.7684
-8.776,16.5985
-8.774,15.6054
-8.772,14.7518
-8.77,14.0101
-8.768,13.3597
-8.766,12.7845
-8.764,12.2724
-8.762,11.8132
-8.76,11.3993
-8.758,11.0242
-8.756,10.6827
-8.754,10.3704
-8.752,10.0837
-8.75,9.81957
-8.748,9.5754
-8.746,9.349
-8.744,9.13849
-8.742,8.94222
-8.74,8.75878
-8.738,8.58695
-8.736,8.42563
-8.734,8.27388
-8.732,8.13086
-8.73,7.99582
-8.728,7.86811
-8.726,7.74713
-8.724,7.63236
-8.722,7.52331
-8.72,7.41956
-8.718,7.32073
-8.716,7.22646
-8.714,7.13644
-8.712,7.05038
-8.71,6.96801
-8.708,6.8891
-8.706,6.81343
-8.704,6.74079
-8.702,6.67101
-8.7,6.6039
-8.698,6.53931
-8.696,6.4771
-8.694,6.41713
-8.692,6.35928
-8.69,6.30344
-8.688,6.24949
-8.686,6.19733
-8.684,6.14688
-8.682,6.09805
-8.68,6.05075
-8.678,6.00491
-8.676,5.96046
-8.674,5.91734
-8.672,5.87548
-8.67,5.83482
-8.668,5.79531
-8.666,5.7569
-8.664,5.71954
-8.662,5.68318
-8.66,5.64778
-8.658,5.6133
-8.656,5.57971
-8.654,5.54695
-8.652,5.51501
-8.65,5.48385
-8.648,5.45343
-8.646,5.42374
-8.644,5.39473
-8.642,5.36638
-8.64,5.33868
-8.638,5.31159
-8.636,5.2851
-8.634,5.25917
-8.632,5.2338
-8.63,5.20895
-8.628,5.18462
-8.626,5.16079
-8.624,5.13743
-8.622,5.11453
-8.62,5.09208
-8.618,5.07006
-8.616,5.04846
-8.614,5.02726
-8.612,5.00645
-8.61,4.98602
-8.608,4.96595
-8.606,4.94624
-8.604,4.92687
-8.602,4.90784
-8.6,4.88913
-8.598,4.87073
-8.596,4.85264
-8.594,4.83484
-8.592,4.81732
-8.59,4.80009
-8.588,4.78312
-8.586,4.76642
-8.584,4.74997
-8.582,4.73377
-8.58,4.71781
-8.578,4.70208
-8.576,4.68658
-8.574,4.6713
-8.572,4.65624
-8.57,4.64139
-8.568,4.62674
-8.566,4.61229
-8.564,4.59803
-8.562,4.58397
-8.56,4.57008
-8.558,4.55638
-8.556,4.54285
-8.554,4.52948
-8.552,4.51629
-8.55,4.50326
-8.548,4.49038
-8.546,4.47766
-8.544,4.46508
-8.542,4.45266
-8.54,4.44038
-8.538,4.42823
-8.536,4.41622
-8.534,4.40435
-8.532,4.3926
-8.53,4.38098
-8.528,4.36949
-8.526,4.35812
-8.524,4.34686
-8.522,4.33572
-8.52,4.32469
-8.518,4.31377
-8.516,4.30296
-8.514,4.29226
-8.512,4.28166
-8.51,4.27116
-8.508,4.26075
-8.506,4.25045
-8.504,4.24024
-8.502,4.23012
-8.5,4.22009
-8.498,4.21014
-8.496,4.20029
-8.494,4.19052
-8.492,4.18083
-8.49,4.17122
-8.488,4.16169
-8.486,4.15224
-8.484,4.14287
-8.482,4.13356
-8.48,4.12434
-8.478,4.11518
-8.476,4.10609
-8.474,4.09707
-8.472,4.08812
-8.47,4.07923
-8.468,4.07041
-8.466,4.06165
-8.464,4.05295
-8.462,4.04431
-8.46,4.03573
-8.458,4.02721
-8.456,4.01874
-8.454,4.01034
-8.452,4.00198
-8.45,3.99368
-8.448,3.98543
-8.446,3.97723
-8.444,3.96908
-8.442,3.96098
-8.44,3.95293
-8.438,3.94492
-8.436,3.93696
-8.434,3.92905
-8.432,3.92118
-8.43,3.91335
-8.428,3.90557
-8.426,3.89783
-8.424,3.89013
-8.422,3.88247
-8.42,3.87484
-8.418,3.86726
-8.416,3.85971
-8.414,3.8522
-8.412,3.84473
-8.41,3.83729
-8.408,3.82989
-8.406,3.82252
-8.404,3.81518
-8.402,3.80788
-8.4,3.80061
-8.398,3.79337
-8.396,3.78616
-8.394,3.77897
-8.392,3.77182
-8.39,3.7647
-8.388,3.7576
-8.386,3.75054
-8.384,3.7435
-8.382,3.73648
-8.38,3.72949
-8.378,3.72253
-8.376,3.71559
-8.374,3.70867
-8.372,3.70178
-8.37,3.69491
-8.368,3.68806
-8.366,3.68124
-8.364,3.67443
-8.362,3.66765
-8.36,3.66088
-8.358,3.65414
-8.356,3.64742
-8.354,3.64071
-8.352,3.63403
-8.35,3.62736
-8.348,3.62071
-8.346,3.61407
-8.344,3.60745
-8.342,3.60085
-8.34,3.59427
-8.338,3.58769
-8.336,3.58114
-8.334,3.5746
-8.332,3.56807
-8.33,3.56156
-8.328,3.55506
-8.326,3.54857
-8.324,3.54209
-8.322,3.53563
-8.32,3.52918
-8.318,3.52274
-8.316,3.51631
-8.314,3.50989
-8.312,3.50348
-8.31,3.49708
-8.308,3.49069
-8.306,3.48431
-8.304,3.47793
-8.302,3.47157
-8.3,3.46521
-8.298,3.45887
-8.296,3.45252
-8.294,3.44619
-8.292,3.43986
-8.29,3.43354
-8.288,3.42722
-8.286,3.42091
-8.284,3.41461
-8.282,3.40831
-8.28,3.40201
-8.278,3.39572
-8.276,3.38943
-8.274,3.38315
-8.272,3.37687
-8.27,3.37059
-8.268,3.36431
-8.266,3.35804
-8.264,3.35177
-8.262,3.3455
-8.26,3.33923
-8.258,3.33296
-8.256,3.32669
-8.254,3.32043
-8.252,3.31416
-8.25,3.30789
-8.248,3.30163
-8.246,3.29536
-8.244,3.28909
-8.242,3.28282
-8.24,3.27655
-8.238,3.27027
-8.236,3.26399
-8.234,3.25772
-8.232,3.25143
-8.23,3.24515
-8.228,3.23886
-8.226,3.23256
-8.224,3.22627
-8.222,3.21996
-8.22,3.21366
-8.218,3.20734
-8.216,3.20103
-8.214,3.1947
-8.212,3.18837
-8.21,3.18204
-8.208,3.1757
-8.206,3.16935
-8.204,3.16299
-8.202,3.15663
-8.2,3.15026
-8.198,3.14388
-8.196,3.13749
-8.194,3.13109
-8.192,3.12468
-8.19,3.11827
-8.188,3.11184
-8.186,3.10541
-8.184,3.09896
-8.182,3.0925
-8.18,3.08604
-8.178,3.07956
-8.176,3.07307
-8.174,3.06656
-8.172,3.06005
-8.17,3.05352
-8.168,3.04698
-8.166,3.04043
-8.164,3.03386
-8.162,3.02728
-8.16,3.02068
-8.158,3.01407
-8.156,3.00745
-8.154,3.0008
-8.152,2.99415
-8.15,2.98748
-8.148,2.98079
-8.146,2.97408
-8.144,2.96736
-8.142,2.96062
-8.14,2.95386
-8.138,2.94709
-8.136,2.94029
-8.134,2.93348
-8.132,2.92665
-8.13,2.91979
-8.128,2.91292
-8.126,2.90603
-8.124,2.89911
-8.122,2.89218
-8.12,2.88522
-8.118,2.87824
-8.116,2.87124
-8.114,2.86422
-8.112,2.85717
-8.11,2.8501
-8.108,2.84301
-8.106,2.83589
-8.104,2.82874
-8.102,2.82157
-8.1,2.81438
-8.098,2.80715
-8.096,2.7999
-8.094,2.79263
-8.092,2.78532
-8.09,2.77799
-8.088,2.77063
-8.086,2.76324
-8.084,2.75582
-8.082,2.74837
-8.08,2.74089
-8.078,2.73338
-8.076,2.72584
-8.074,2.71826
-8.072,2.71066
-8.07,2.70302
-8.068,2.69534
-8.066,2.68763
-8.064,2.67989
-8.062,2.67211
-8.06,2.66429
-8.058,2.65644
-8.056,2.64855
-8.054,2.64062
-8.052,2.63266
-8.05,2.62466
-8.048,2.61661
-8.046,2.60853
-8.044,2.6004
-8.042,2.59223
-8.04,2.58403
-8.038,2.57577
-8.036,2.56748
-8.034,2.55914
-8.032,2.55075
-8.03,2.54232
-8.028,2.53384
-8.026,2.52532
-8.024,2.51675
-8.022,2.50812
-8.02,2.49945
-8.018,2.49073
-8.016,2.48196
-8.014,2.47313
-8.012,2.46426
-8.01,2.45533
-8.008,2.44634
-8.006,2.4373
-8.004,2.4282
-8.002,2.41905
-8,2.40983
-7.998,2.40056
-7.996,2.39123
-7.994,2.38183
-7.992,2.37238
-7.99,2.36286
-7.988,2.35327
-7.986,2.34362
-7.984,2.33391
-7.982,2.32413
-7.98,2.31428
-7.978,2.30435
-7.976,2.29436
-7.974,2.2843
-7.972,2.27416
-7.97,2.26395
-7.968,2.25366
-7.966,2.24329
-7.964,2.23285
-7.962,2.22233
-7.96,2.21172
-7.958,2.20103
-7.956,2.19026
-7.954,2.1794
-7.952,2.16846
-7.95,2.15743
-7.948,2.1463
-7.946,2.13509
-7.944,2.12378
-7.942,2.11237
-7.94,2.10087
-7.938,2.08927
-7.936,2.07757
-7.934,2.06577
-7.932,2.05387
-7.93,2.04185
-7.928,2.02973
-7.926,2.0175
-7.924,2.00516
-7.922,1.99271
-7.92,1.98014
-7.918,1.96744
-7.916,1.95463
-7.914,1.9417
-7.912,1.92864
-7.91,1.91545
-7.908,1.90213
-7.906,1.88868
-7.904,1.8751
-7.902,1.86137
-7.9,1.84751
-7.898,1.8335
-7.896,1.81934
-7.894,1.80504
-7.892,1.79058
-7.89,1.77597
-7.888,1.7612
-7.886,1.74626
-7.884,1.73116
-7.882,1.71589
-7.88,1.70045
-7.878,1.68483
-7.876,1.66903
-7.874,1.65305
-7.872,1.63688
-7.87,1.62052
-7.868,1.60396
-7.866,1.5872
-7.864,1.57024
-7.862,1.55306
-7.86,1.53567
-7.858,1.51807
-7.856,1.50024
-7.854,1.48217
-7.852,1.46388
-7.85,1.44534
-7.848,1.42656
-7.846,1.40753
-7.844,1.38823
-7.842,1.36868
-7.84,1.34885
-7.838,1.32875
-7.836,1.30836
-7.834,1.28769
-7.832,1.26671
-7.83,1.24543
-7.828,1.22383
-7.826,1.20192
-7.824,1.17967
-7.822,1.15709
-7.82,1.13416
-7.818,1.11087
-7.816,1.08721
-7.814,1.06318
-7.812,1.03877
-7.81,1.01395
-7.808,0.98873
-7.806,0.96309
-7.804,0.937018
-7.802,0.910503
-7.8,0.883532
-7.798,0.856091
-7.796,0.828167
-7.794,0.799746
-7.792,0.770812
-7.79,0.741351
-7.788,0.711346
-7.786,0.68078
-7.784,0.649636
-7.782,0.617896
-7.78,0.58554
-7.778,0.55255
-7.776,0.518904
-7.774,0.48458
-7.772,0.449558
-7.77,0.413812
-7.768,0.377319
-7.766,0.340053
-7.764,0.301986
-7.762,0.263092
-7.76,0.22334
-7.758,0.182701
-7.756,0.14114
-7.754,0.0986254
-7.752,0.0551208
-7.75,0.0105889
-7.748,-0.0350095
-7.746,-0.0817156
-7.744,-0.129573
-7.742,-0.178627
-7.74,-0.228926
-7.738,-0.280521
-7.736,-0.333465
-7.734,-0.387815
-7.732,-0.443631
-7.73,-0.500976
-7.728,-0.559916
-7.726,-0.620523
-7.724,-0.682872
-7.722,-0.747042
-7.72,-0.813118
-7.718,-0.88119
-7.716,-0.951353
-7.714,-1.02371
-7.712,-1.09837
-7.71,-1.17545
-7.708,-1.25506
-7.706,-1.33736
-7.704,-1.42247
-7.702,-1.51054
-7.7,-1.60175
-7.698,-1.69626
-7.696,-1.79427
-7.694,-1.89598
-7.692,-2.0016
-7.69,-2.11138
-7.688,-2.22557
-7.686,-2.34445
-7.684,-2.46831
-7.682,-2.5975
-7.68,-2.73236
-7.678,-2.8733
-7.676,-3.02072
-7.674,-3.17511
-7.672,-3.33698
-7.67,-3.50689
-7.668,-3.68548
-7.666,-3.87342
-7.664,-4.07149
-7.662,-4.28055
-7.66,-4.50154
-7.658,-4.73554
-7.656,-4.98373
-7.654,-5.24747
-7.652,-5.52828
-7.65,-5.82789
-7.648,-6.14828
-7.646,-6.4917
-7.644,-6.86075
-7.642,-7.25844
-7.64,-7.68826
-7.638,-8.1543
-7.636,-8.66136
-7.634,-9.21516
-7.632,-9.82248
-7.63,-10.4915
-7.628,-11.2323
-7.626,-12.057
-7.624,-12.9807
-7.622,-14.0227
-7.62,-15.2071
-7.618,-16.5654
-7.616,-18.1391
-7.614,-19.9838
-7.612,-22.1765
-7.61,-24.8258
-7.608,-28.0914
-7.606,-32.2167
-7.604,-37.5932
-7.602,-44.8923
-7.6,-55.3706
-7.598,-71.6845
-7.596,-100.593
-7.594,-165.857
-7.592,-452.28
-7.59,-659.076
-7.588,-193.837
-7.586,-114.715
-7.584,-81.9999
-7.582,-64.1208
-7.58,-52.8506
-7.578,-45.0961
-7.576,-39.4338
-7.574,-35.1176
-7.572,-31.7181
-7.57,-28.9713
-7.568,-26.7054
-7.566,-24.8043
-7.564,-23.1863
-7.562,-21.7925
-7.56,-20.5793
-7.558,-19.5136
-7.556,-18.57
-7.554,-17.7286
-7.552,-16.9736
-7.55,-16.2924
-7.548,-15.6745
-7.546,-15.1115
-7.544,-14.5964
-7.542,-14.1233
-7.54,-13.6872
-7.538,-13.2839
-7.536,-12.9098
-7.534,-12.5619
-7.532,-12.2375
-7.53,-11.9342
-7.528,-11.65
-7.526,-11.3832
-7.524,-11.1322
-7.522,-10.8956
-7.52,-10.6723
-7.518,-10.461
-7.516,-10.2609
-7.514,-10.0711
-7.512,-9.89075
-7.51,-9.71919
-7.508,-9.55579
-7.506,-9.39996
-7.504,-9.25118
-7.502,-9.10897
-7.5,-8.97291
-7.498,-8.84258
-7.496,-8.71763
-7.494,-8.59773
-7.492,-8.48256
-7.49,-8.37185
-7.488,-8.26534
-7.486,-8.16278
-7.484,-8.06396
-7.482,-7.96866
-7.48,-7.8767
-7.478,-7.78789
-7.476,-7.70208
-7.474,-7.61911
-7.472,-7.53884
-7.47,-7.46113
-7.468,-7.38585
-7.466,-7.31289
-7.464,-7.24214
-7.462,-7.1735
-7.46,-7.10687
-7.458,-7.04216
-7.456,-6.97928
-7.454,-6.91815
-7.452,-6.8587
-7.45,-6.80085
-7.448,-6.74454
-7.446,-6.68971
-7.444,-6.63629
-7.442,-6.58422
-7.44,-6.53346
-7.438,-6.48394
-7.436,-6.43563
-7.434,-6.38848
-7.432,-6.34244
-7.43,-6.29746
-7.428,-6.25352
-7.426,-6.21058
-7.424,-6.16859
-7.422,-6.12752
-7.42,-6.08734
-7.418,-6.04803
-7.416,-6.00954
-7.414,-5.97185
-7.412,-5.93494
-7.41,-5.89878
-7.408,-5.86335
-7.406,-5.82861
-7.404,-5.79455
-7.402,-5.76115
-7.4,-5.72838
-7.398,-5.69623
-7.396,-5.66467
-7.394,-5.63369
-7.392,-5.60328
-7.39,-5.5734
-7.388,-5.54406
-7.386,-5.51522
-7.384,-5.48688
-7.382,-5.45903
-7.38,-5.43164
-7.378,-5.40471
-7.376,-5.37822
-7.374,-5.35216
-7.372,-5.32652
-7.37,-5.30129
-7.368,-5.27645
-7.366,-5.25199
-7.364,-5.22791
-7.362,-5.2042
-7.36,-5.18084
-7.358,-5.15782
-7.356,-5.13515
-7.354,-5.1128
-7.352,-5.09077
-7.35,-5.06905
-7.348,-5.04763
-7.346,-5.02651
-7.344,-5.00568
-7.342,-4.98513
-7.34,-4.96486
-7.338,-4.94486
-7.336,-4.92511
-7.334,-4.90562
-7.332,-4.88638
-7.33,-4.86739
-7.328,-4.84863
-7.326,-4.83011
-7.324,-4.81181
-7.322,-4.79373
-7.32,-4.77587
-7.318,-4.75823
-7.316,-4.74079
-7.314,-4.72355
-7.312,-4.70651
-7.31,-4.68966
-7.308,-4.673
-7.306,-4.65653
-7.304,-4.64024
-7.302,-4.62413
-7.3,-4.60819
-7.298,-4.59242
-7.296,-4.57682
-7.294,-4.56138
-7.292,-4.54609
-7.29,-4.53097
-7.288,-4.516
-7.286,-4.50117
-7.284,-4.4865
-7.282,-4.47197
-7.28,-4.45757
-7.278,-4.44332
-7.276,-4.4292
-7.274,-4.41521
-7.272,-4.40136
-7.27,-4.38763
-7.268,-4.37402
-7.266,-4.36054
-7.264,-4.34718
-7.262,-4.33393
-7.26,-4.3208
-7.258,-4.30779
-7.256,-4.29488
-7.254,-4.28209
-7.252,-4.2694
-7.25,-4.25681
-7.248,-4.24433
-7.246,-4.23195
-7.244,-4.21966
-7.242,-4.20748
-7.24,-4.19539
-7.238,-4.18339
-7.236,-4.17149
-7.234,-4.15967
-7.232,-4.14795
-7.23,-4.13631
-7.228,-4.12475
-7.226,-4.11328
-7.224,-4.10189
-7.222,-4.09059
-7.22,-4.07936
-7.218,-4.06821
-7.216,-4.05713
-7.214,-4.04613
-7.212,-4.03521
-7.21,-4.02436
-7.208,-4.01358
-7.206,-4.00286
-7.204,-3.99222
-7.202,-3.98165
-7.2,-3.97114
-7.198,-3.96069
-7.196,-3.95031
-7.194,-3.94
-7.192,-3.92974
-7.19,-3.91955
-7.188,-3.90941
-7.186,-3.89934
-7.184,-3.88932
-7.182,-3.87935
-7.18,-3.86945
-7.178,-3.8596
-7.176,-3.8498
-7.174,-3.84005
-7.172,-3.83036
-7.17,-3.82072
-7.168,-3.81112
-7.166,-3.80158
-7.164,-3.79209
-7.162,-3.78264
-7.16,-3.77324
-7.158,-3.76388
-7.156,-3.75457
-7.154,-3.74531
-7.152,-3.73609
-7.15,-3.72691
-7.148,-3.71777
-7.146,-3.70867
-7.144,-3.69962
-7.142,-3.6906
-7.14,-3.68163
-7.138,-3.67269
-7.136,-3.66379
-7.134,-3.65493
-7.132,-3.6461
-7.13,-3.63731
-7.128,-3.62856
-7.126,-3.61984
-7.124,-3.61115
-7.122,-3.6025
-7.12,-3.59388
-7.118,-3.58529
-7.116,-3.57673
-7.114,-3.56821
-7.112,-3.55971
-7.11,-3.55125
-7.108,-3.54281
-7.106,-3.53441
-7.104,-3.52603
-7.102,-3.51768
-7.1,-3.50935
-7.098,-3.50106
-7.096,-3.49278
-7.094,-3.48454
-7.092,-3.47632
-7.09,-3.46812
-7.088,-3.45995
-7.086,-3.45181
-7.084,-3.44368
-7.082,-3.43558
-7.08,-3.4275
-7.078,-3.41945
-7.076,-3.41141
-7.074,-3.4034
-7.072,-3.3954
-7.07,-3.38743
-7.068,-3.37947
-7.066,-3.37154
-7.064,-3.36362
-7.062,-3.35573
-7.06,-3.34785
-7.058,-3.33999
-7.056,-3.33214
-7.054,-3.32431
-7.052,-3.3165
-7.05,-3.30871
-7.048,-3.30093
-7.046,-3.29316
-7.044,-3.28541
-7.042,-3.27768
-7.04,-3.26996
-7.038,-3.26225
-7.036,-3.25456
-7.034,-3.24688
-7.032,-3.23921
-7.03,-3.23155
-7.028,-3.22391
-7.026,-3.21628
-7.024,-3.20866
-7.022,-3.20105
-7.02,-3.19345
-7.018,-3.18586
-7.016,-3.17828
-7.014,-3.17071
-7.012,-3.16315
-7.01,-3.1556
-7.008,-3.14806
-7.006,-3.14053
-7.004,-3.133
-7.002,-3.12548
-7,-3.11797
-6.998,-3.11046
-6.996,-3.10297
-6.994,-3.09548
-6.992,-3.08799
-6.99,-3.08051
-6.988,-3.07304
-6.986,-3.06557
-6.984,-3.0581
-6.982,-3.05064
-6.98,-3.04319
-6.978,-3.03573
-6.976,-3.02829
-6.974,-3.02084
-6.972,-3.0134
-6.97,-3.00596
-6.968,-2.99852
-6.966,-2.99109
-6.964,-2.98366
-6.962,-2.97622
-6.96,-2.96879
-6.958,-2.96136
-6.956,-2.95394
-6.954,-2.94651
-6.952,-2.93908
-6.95,-2.93165
-6.948,-2.92422
-6.946,-2.91679
-6.944,-2.90936
-6.942,-2.90193
-6.94,-2.89449
-6.938,-2.88706
-6.936,-2.87962
-6.934,-2.87218
-6.932,-2.86473
-6.93,-2.85729
-6.928,-2.84984
-6.926,-2.84238
-6.924,-2.83492
-6.922,-2.82746
-6.92,-2.81999
-6.918,-2.81252
-6.916,-2.80504
-6.914,-2.79756
-6.912,-2.79007
-6.91,-2.78258
-6.908,-2.77508
-6.906,-2.76757
-6.904,-2.76006
-6.902,-2.75254
-6.9,-2.74501
-6.898,-2.73747
-6.896,-2.72993
-6.894,-2.72238
-6.892,-2.71482
-6.89,-2.70724
-6.888,-2.69967
-6.886,-2.69208
-6.884,-2.68448
-6.882,-2.67687
-6.88,-2.66925
-6.878,-2.66162
-6.876,-2.65398
-6.874,-2.64633
-6.872,-2.63866
-6.87,-2.63099
-6.868,-2.6233
-6.866,-2.6156
-6.864,-2.60788
-6.862,-2.60016
-6.86,-2.59242
-6.858,-2.58466
-6.856,-2.57689
-6.854,-2.56911
-6.852,-2.56131
-6.85,-2.5535
-6.848,-2.54567
-6.846,-2.53783
-6.844,-2.52997
-6.842,-2.52209
-6.84,-2.5142
-6.838,-2.50629
-6.836,-2.49836
-6.834,-2.49042
-6.832,-2.48245
-6.83,-2.47447
-6.828,-2.46647
-6.826,-2.45845
-6.824,-2.45041
-6.822,-2.44235
-6.82,-2.43427
-6.818,-2.42617
-6.816,-2.41805
-6.814,-2.4099
-6.812,-2.40174
-6.81,-2.39355
-6.808,-2.38534
-6.806,-2.37711
-6.804,-2.36886
-6.802,-2.36058
-6.8,-2.35227
-6.798,-2.34395
-6.796,-2.33559
-6.794,-2.32722
-6.792,-2.31881
-6.79,-2.31038
-6.788,-2.30193
-6.786,-2.29345
-6.784,-2.28494
-6.782,-2.2764
-6.78,-2.26783
-6.778,-2.25924
-6.776,-2.25061
-6.774,-2.24196
-6.772,-2.23328
-6.77,-2.22456
-6.768,-2.21582
-6.766,-2.20704
-6.764,-2.19823
-6.762,-2.18939
-6.76,-2.18052
-6.758,-2.17161
-6.756,-2.16267
-6.754,-2.15369
-6.752,-2.14468
-6.75,-2.13564
-6.748,-2.12656
-6.746,-2.11744
-6.744,-2.10828
-6.742,-2.09909
-6.74,-2.08986
-6.738,-2.08059
-6.736,-2.07128
-6.734,-2.06194
-6.732,-2.05255
-6.73,-2.04312
-6.728,-2.03365
-6.726,-2.02413
-6.724,-2.01458
-6.722,-2.00498
-6.72,-1.99533
-6.718,-1.98565
-6.716,-1.97591
-6.714,-1.96613
-6.712,-1.95631
-6.71,-1.94643
-6.708,-1.93651
-6.706,-1.92654
-6.704,-1.91652
-6.702,-1.90645
-6.7,-1.89633
-6.698,-1.88616
-6.696,-1.87593
-6.694,-1.86565
-6.692,-1.85532
-6.69,-1.84493
-6.688,-1.83449
-6.686,-1.82399
-6.684,-1.81344
-6.682,-1.80282
-6.68,-1.79215
-6.678,-1.78142
-6.676,-1.77062
-6.674,-1.75977
-6.672,-1.74885
-6.67,-1.73787
-6.668,-1.72683
-6.666,-1.71572
-6.664,-1.70454
-6.662,-1.6933
-6.66,-1.68199
-6.658,-1.67061
-6.656,-1.65915
-6.654,-1.64763
-6.652,-1.63604
-6.65,-1.62437
-6.648,-1.61263
-6.646,-1.60081
-6.644,-1.58891
-6.642,-1.57694
-6.64,-1.56489
-6.638,-1.55276
-6.636,-1.54054
-6.634,-1.52824
-6.632,-1.51586
-6.63,-1.5034
-6.628,-1.49084
-6.626,-1.4782
-6.624,-1.46547
-6.622,-1.45264
-6.62,-1.43973
-6.618,-1.42672
-6.616,-1.41361
-6.614,-1.40041
-6.612,-1.38711
-6.61,-1.37371
-6.608,-1.36021
-6.606,-1.34661
-6.604,-1.33289
-6.602,-1.31908
-6.6,-1.30515
-6.598,-1.29112
-6.596,-1.27697
-6.594,-1.26271
-6.592,-1.24833
-6.59,-1.23383
-6.588,-1.21922
-6.586,-1.20448
-6.584,-1.18962
-6.582,-1.17463
-6.58,-1.15952
-6.578,-1.14427
-6.576,-1.12889
-6.574,-1.11338
-6.572,-1.09773
-6.57,-1.08194
-6.568,-1.06601
-6.566,-1.04993
-6.564,-1.03371
-6.562,-1.01733
-6.56,-1.00081
-6.558,-0.984128
-6.556,-0.967289
-6.554,-0.950289
-6.552,-0.933125
-6.55,-0.915794
-6.548,-0.898293
-6.546,-0.88062
-6.544,-0.862769
-6.542,-0.84474
-6.54,-0.826527
-6.538,-0.808127
-6.536,-0.789538
-6.534,-0.770755
-6.532,-0.751774
-6.53,-0.732591
-6.528,-0.713204
-6.526,-0.693607
-6.524,-0.673797
-6.522,-0.653769
-6.52,-0.633518
-6.518,-0.613042
-6.516,-0.592334
-6.514,-0.57139
-6.512,-0.550205
-6.51,-0.528774
-6.508,-0.507093
-6.506,-0.485156
-6.504,-0.462957
-6.502,-0.440491
-6.5,-0.417752
-6.498,-0.394734
-6.496,-0.371432
-6.494,-0.347839
-6.492,-0.323949
-6.49,-0.299754
-6.488,-0.27525
-6.486,-0.250427
-6.484,-0.22528
-6.482,-0.1998
-6.48,-0.173981
-6.478,-0.147814
-6.476,-0.121292
-6.474,-0.094405
-6.472,-0.0671457
-6.47,-0.0395049
-6.468,-0.0114734
-6.466,0.0169582
-6.464,0.0457996
-6.462,0.075061
-6.46,0.104753
-6.458,0.134885
-6.456,0.16547
-6.454,0.196519
-6.452,0.228043
-6.45,0.260054
-6.448,0.292566
-6.446,0.325592
-6.444,0.359145
-6.442,0.393238
-6.44,0.427888
-6.438,0.463108
-6.436,0.498915
-6.434,0.535325
-6.432,0.572354
-6.43,0.610019
-6.428,0.64834
-6.426,0.687335
-6.424,0.727023
-6.422,0.767425
-6.42,0.808561
-6.418,0.850454
-6.416,0.893126
-6.414,0.936601
-6.412,0.980904
-6.41,1.02606
-6.408,1.0721
-6.406,1.11904
-6.404,1.16692
-6.402,1.21577
-6.4,1.26562
-6.398,1.3165
-6.396,1.36844
-6.394,1.42149
-6.392,1.47568
-6.39,1.53105
-6.388,1.58764
-6.386,1.6455
-6.384,1.70466
-6.382,1.76518
-6.38,1.82711
-6.378,1.8905
-6.376,1.9554
-6.374,2.02187
-6.372,2.08997
-6.37,2.15977
-6.368,2.23134
-6.366,2.30473
-6.364,2.38004
-6.362,2.45733
-6.36,2.53669
-6.358,2.61821
-6.356,2.70198
-6.354,2.7881
-6.352,2.87666
-6.35,2.9678
-6.348,3.06161
-6.346,3.15822
-6.344,3.25777
-6.342,3.36039
-6.34,3.46624
-6.338,3.57547
-6.336,3.68826
-6.334,3.80477
-6.332,3.92522
-6.33,4.0498
-6.328,4.17873
-6.326,4.31227
-6.324,4.45065
-6.322,4.59416
-6.32,4.7431
-6.318,4.89778
-6.316,5.05855
-6.314,5.22578
-6.312,5.39988
-6.31,5.58129
-6.308,5.77049
-6.306,5.968
-6.304,6.17438
-6.302,6.39026
-6.3,6.61633
-6.298,6.85332
-6.296,7.10206
-6.294,7.36346
-6.292,7.63853
-6.29,7.92836
-6.288,8.23422
-6.286,8.55746
-6.284,8.89963
-6.282,9.26247
-6.28,9.64791
-6.278,10.0582
-6.276,10.4957
-6.274,10.9634
-6.272,11.4645
-6.27,12.0028
-6.268,12.5824
-6.266,13.2085
-6.264,13.8869
-6.262,14.6245
-6.26,15.4293
-6.258,16.3111
-6.256,17.2815
-6.254,18.3547
-6.252,19.5479
-6.25,20.8824
-6.248,22.3851
-6.246,24.0901
-6.244,26.041
-6.242,28.2955
-6.24,30.9305
-6.238,34.0512
-6.236,37.806
-6.234,42.41
-6.232,48.1885
-6.23,55.6568
-6.228,65.6838
-6.226,79.8568
-6.224,101.419
-6.222,138.188
-6.22,215.019
-6.218,475.778
-6.216,2432.34
-6.214,346.144
-6.212,187.528
-6.21,129.154
-6.208,98.8129
-6.206,80.2201
-6.204,67.6585
-6.202,58.6027
-6.2,51.7644
-6.198,46.4179
-6.196,42.1227
-6.194,38.5964
-6.192,35.6494
-6.19,33.1497
-6.188,31.0024
-6.186,29.138
-6.184,27.5039
-6.182,26.0598
-6.18,24.7744
-6.178,23.6229
-6.176,22.5852
-6.174,21.6454
-6.172,20.79
-6.17,20.0083
-6.168,19.2909
-6.166,18.6304
-6.164,18.0201
-6.162,17.4546
-6.16,16.9289
-6.158,16.4392
-6.156,15.9816
-6.154,15.5533
-6.152,15.1514
-6.15,14.7735
-6.148,14.4176
-6.146,14.0818
-6.144,13.7644
-6.142,13.4638
-6.14,13.1789
-6.138,12.9084
-6.136,12.6511
-6.134,12.4063
-6.132,12.1729
-6.13,11.9501
-6.128,11.7373
-6.126,11.5338
-6.124,11.339
-6.122,11.1523
-6.12,10.9733
-6.118,10.8014
-6.116,10.6362
-6.114,10.4774
-6.112,10.3245
-6.11,10.1772
-6.108,10.0353
-6.106,9.89844
-6.104,9.76632
-6.102,9.63871
-6.1,9.51538
-6.098,9.39612
-6.096,9.28071
-6.094,9.16897
-6.092,9.06073
-6.09,8.95582
-6.088,8.85407
-6.086,8.75536
-6.084,8.65953
-6.082,8.56646
-6.08,8.47602
-6.078,8.38812
-6.076,8.30262
-6.074,8.21944
-6.072,8.13847
-6.07,8.05963
-6.068,7.98283
-6.066,7.90799
-6.064,7.83503
-6.062,7.76388
-6.06,7.69446
-6.058,7.62672
-6.056,7.56059
-6.054,7.49601
-6.052,7.43291
-6.05,7.37126
-6.048,7.311
-6.046,7.25208
-6.044,7.19444
-6.042,7.13806
-6.04,7.08288
-6.038,7.02886
-6.036,6.97597
-6.034,6.92417
-6.032,6.87342
-6.03,6.82369
-6.028,6.77494
-6.026,6.72715
-6.024,6.68029
-6.022,6.63432
-6.02,6.58922
-6.018,6.54496
-6.016,6.50152
-6.014,6.45887
-6.012,6.417
-6.01,6.37586
-6.008,6.33546
-6.006,6.29576
-6.004,6.25674
-6.002,6.21839
