-14,0.913771,0
-13.998,0.91242,0
-13.996,0.912184,0
-13.994,0.910218,0
-13.992,0.908398,0
-13.99,0.9085,0
-13.988,0.907125,0
-13.986,0.905895,0
-13.984,0.904811,0
-13.982,0.901489,0
-13.98,0.900544,0
-13.978,0.899744,0
-13.976,0.899089,0
-13.974,0.898579,0
-13.972,0.895222,0
-13.97,0.89485,0
-13.968,0.891479,0
-13.966,0.891244,0
-13.964,0.891153,0
-13.962,0.887759,0
-13.96,0.887806,0
-13.958,0.884396,0
-13.956,0.884579,0
-13.954,0.881154,0
-13.952,0.881472,0
-13.95,0.878031,0
-13.948,0.878484,0
-13.946,0.875027,0
-13.944,0.875616,0
-13.942,0.872142,0
-13.94,0.872864,0
-13.938,0.869373,0
-13.936,0.87023,0
-13.934,0.866721,0
-13.932,0.867712,0
-13.93,0.864185,0
-13.928,0.86065,0
-13.926,0.861763,0
-13.924,0.858209,0
-13.922,0.859455,0
-13.92,0.855882,0
-13.918,0.85726,0
-13.916,0.853667,0
-13.914,0.850065,0
-13.912,0.851563,0
-13.91,0.847941,0
-13.908,0.84431,0
-13.906,0.845926,0
-13.904,0.842274,0
-13.902,0.838613,0
-13.9,0.840346,0
-13.898,0.836663,0
-13.896,0.838526,0
-13.894,0.834819,0
-13.892,0.831104,0
-13.89,0.833082,0
-13.888,0.829342,0
-13.886,0.825593,0
-13.884,0.827684,0
-13.882,0.823909,0
-13.88,0.820125,0
-13.878,0.822328,0
-13.876,0.818518,0
-13.874,0.814698,0
-13.872,0.810868,0
-13.87,0.813163,0
-13.868,0.809306,0
-13.866,0.805438,0
-13.864,0.80784,0
-13.862,0.803944,0
-13.86,0.800036,0
-13.858,0.802544,0
-13.856,0.798607,0
-13.854,0.794659,0
-13.852,0.79727,0
-13.85,0.79329,0
-13.848,0.789299,0
-13.846,0.785296,0
-13.844,0.787988,0
-13.842,0.783952,0
-13.84,0.779904,0
-13.838,0.775845,0
-13.836,0.778611,0
-13.834,0.774516,0
-13.832,0.770409,0
-13.83,0.77327,0
-13.828,0.769126,0
-13.826,0.764969,0
-13.824,0.7608,0
-13.822,0.763727,0
-13.82,0.759518,0
-13.818,0.755296,0
-13.816,0.75106,0
-13.814,0.754047,0
-13.812,0.74977,0
-13.81,0.745478,0
-13.808,0.741173,0
-13.806,0.744214,0
-13.804,0.739864,0
-13.802,0.7355,0
-13.8,0.73112,0
-13.798,0.734208,0
-13.796,0.729782,0
-13.794,0.72534,0
-13.792,0.720882,0
-13.79,0.72401,0
-13.788,0.719502,0
-13.786,0.714978,0
-13.784,0.710437,0
-13.782,0.713596,0
-13.78,0.709002,0
-13.778,0.70439,0
-13.776,0.699761,0
-13.774,0.702942,0
-13.772,0.698256,0
-13.77,0.693551,0
-13.768,0.688828,0
-13.766,0.69202,0
-13.764,0.687237,0
-13.762,0.682433,0
-13.76,0.67761,0
-13.758,0.672766,0
-13.756,0.675915,0
-13.754,0.671005,0
-13.752,0.666075,0
-13.75,0.661123,0
-13.748,0.664256,0
-13.746,0.659234,0
-13.744,0.654189,0
-13.742,0.649121,0
-13.74,0.652225,0
-13.738,0.647082,0
-13.736,0.641914,0
-13.734,0.636722,5.12085
-13.732,0.631505,5.07372
-13.73,0.634507,5.0781
-13.728,0.629208,5.03016
-13.726,0.623882,4.98201
-13.724,0.61853,4.93365
-13.722,0.61315,4.88509
-13.72,0.616023,4.88519
-13.718,0.610554,4.83579
-13.716,0.605056,4.78618
-13.714,0.599528,4.73635
-13.712,0.593972,4.68631
-13.71,0.596684,4.68207
-13.708,0.591029,4.63116
-13.706,0.585342,4.58004
-13.704,0.579623,4.52869
-13.702,0.582213,4.52071
-13.7,0.576388,4.46848
-13.698,0.570528,4.41602
-13.696,0.564634,4.36333
-13.694,0.558706,4.31041
-13.692,0.561064,4.29799
-13.69,0.555017,4.24416
-13.688,0.548933,4.19009
-13.686,0.542811,4.1358
-13.684,0.536651,4.08126
-13.682,0.53873,4.06433
-13.68,0.532439,4.00886
-13.678,0.526106,3.95314
-13.676,0.519732,3.89719
-13.674,0.513316,3.84099
-13.672,0.51506,3.81949
-13.67,0.508498,3.76233
-13.668,0.50189,3.70492
-13.666,0.495236,3.64726
-13.664,0.488535,3.58936
-13.662,0.481787,3.53121
-13.66,0.483015,3.50434
-13.658,0.4761,3.44519
-13.656,0.469133,3.38579
-13.654,0.462115,3.32615
-13.652,0.455044,3.26625
-13.65,0.45578,3.23467
-13.648,0.448521,3.17375
-13.646,0.441205,3.11258
-13.644,0.43383,3.05115
-13.642,0.426397,2.98947
-13.64,0.426547,2.95313
-13.638,0.418901,2.89042
-13.636,0.41119,2.82744
-13.634,0.403414,2.7642
-13.632,0.395572,2.70071
-13.63,0.395025,2.65959
-13.628,0.38694,2.59504
-13.626,0.378783,2.53024
-13.624,0.370551,2.46518
-13.622,0.362244,2.39985
-13.62,0.35386,2.33427
-13.618,0.352282,2.28754
-13.616,0.343615,2.2209
-13.614,0.334863,2.154
-13.612,0.326025,2.08683
-13.61,0.317099,2.01942
-13.608,0.308084,1.95174
-13.606,0.305243,1.89938
-13.604,0.295893,1.83064
-13.602,0.286445,1.76165
-13.6,0.276895,1.6924
-13.598,0.267242,1.6229
-13.596,0.263128,1.56574
-13.594,0.253087,1.49518
-13.592,0.24293,1.42437
-13.59,0.232656,1.35332
-13.588,0.222262,1.28202
-13.586,0.211745,1.21047
-13.584,0.20576,1.14778
-13.582,0.194776,1.0752
-13.58,0.183654,1.00238
-13.578,0.172391,0.929326
-13.576,0.160984,0.856044
-13.574,0.149429,0.782537
-13.572,0.141102,0.714459
-13.57,0.128977,0.639967
-13.568,0.116685,0.56527
-13.566,0.104222,0.490382
-13.564,0.0915826,0.415326
-13.562,0.0787633,0.34014
-13.56,0.0674724,0.267161
-13.558,0.0539481,0.191496
-13.556,0.040218,0.116645
-13.554,0.0262764,0.0477137
-13.552,0.0121172,0.052697
-13.55,-0.00226544,0.123286
-13.548,-0.0173582,0.199771
-13.546,-0.0326277,0.277225
-13.544,-0.0481554,0.355168
-13.542,-0.0639491,0.433432
-13.54,-0.080017,0.511949
-13.538,-0.0963674,0.590682
-13.536,-0.116417,0.673358
-13.534,-0.133905,0.752959
-13.532,-0.151724,0.832727
-13.53,-0.169884,0.912653
-13.528,-0.188398,0.99273
-13.526,-0.207277,1.07295
-13.524,-0.233918,1.15977
-13.522,-0.254291,1.2407
-13.52,-0.275098,1.32175
-13.518,-0.296355,1.40291
-13.516,-0.318079,1.48418
-13.514,-0.340287,1.56555
-13.512,-0.375908,1.65583
-13.51,-0.400134,1.73776
-13.508,-0.424947,1.81977
-13.506,-0.450372,1.90184
-13.504,-0.476433,1.98397
-13.502,-0.503158,2.06615
-13.5,-0.551385,2.15913
-13.498,-0.58093,2.24171
-13.496,-0.611299,2.32431
-13.494,-0.642531,2.40692
-13.492,-0.674666,2.48954
-13.49,-0.707747,2.57214
-13.488,-0.74182,2.65474
-13.486,-0.811544,2.74973
-13.484,-0.849952,2.83251
-13.482,-0.889638,2.91524
-13.48,-0.930668,2.99791
-13.478,-0.973119,3.0805
-13.476,-1.01707,3.16302
-13.474,-1.11663,3.25861
-13.472,-1.16733,3.3411
-13.47,-1.22004,3.42346
-13.468,-1.27488,3.50569
-13.466,-1.33201,3.58778
-13.464,-1.39157,3.66973
-13.462,-1.54029,3.76471
-13.46,-1.6112,3.84637
-13.458,-1.68557,3.92783
-13.456,-1.76365,4.00909
-13.454,-1.84576,4.09013
-13.452,-1.93222,4.17094
-13.45,-2.02339,4.25152
-13.448,-2.27776,4.34424
-13.446,-2.39229,4.42422
-13.444,-2.51421,4.50391
-13.442,-2.64428,4.58331
-13.44,-2.78336,4.6624
-13.438,-2.93244,4.74117
-13.436,-3.09267,4.81961
-13.434,-3.59644,4.90819
-13.432,-3.81737,4.9857
-13.43,-4.05904,5.06283
-13.428,-4.32455,5.13956
-13.426,-4.61768,5.2159
-13.424,-4.94299,5.29181
-13.422,-5.30616,5.3673
-13.42,-6.64772,5.44976
-13.418,-7.2618,5.52398
-13.416,-7.97907,5.59772
-13.414,-8.82806,5.67097
-13.412,-9.84891,5.74371
-13.41,-11.0999,5.81595
-13.408,-17.5389,5.89134
-13.406,-21.5342,5.96201
-13.404,-27.691,6.03211
-13.402,-38.416,6.10165
-13.4,-61.7971,6.17059
-13.398,-152.513,0
-13.396,-350.428,0
-13.394,-31.8066,6.37228
-13.392,-24.878,6.43814
-13.39,-20.5054,6.50334
-13.388,-17.4941,6.56789
-13.386,-15.2938,6.63175
-13.384,-13.6155,6.69494
-13.382,-12.293,6.75744
-13.38,-9.40562,6.8115
-13.378,-8.79401,6.87182
-13.376,-8.26642,6.93141
-13.374,-7.80658,6.99027
-13.372,-7.40217,7.04837
-13.37,-7.04368,7.10572
-13.368,-6.72366,7.1623
-13.366,-5.85736,7.20337
-13.364,-5.6471,7.25755
-13.362,-5.45448,7.31093
-13.36,-5.27733,7.36352
-13.358,-5.11385,7.41529
-13.356,-4.96248,7.46625
-13.354,-4.8219,7.51639
-13.352,-4.69099,7.56571
-13.35,-4.3022,7.591
-13.348,-4.2032,7.63772
-13.346,-4.10994,7.68361
-13.344,-4.02192,7.72865
-13.342,-3.9387,7.77283
-13.34,-3.85987,7.81616
-13.338,-3.7851,7.85863
-13.336,-3.55408,7.86929
-13.334,-3.4937,7.9091
-13.332,-3.43603,7.94804
-13.33,-3.38088,7.98611
-13.328,-3.32808,8.02331
-13.326,-3.27748,8.05965
-13.324,-3.22892,8.09511
-13.322,-3.07637,8.09127
-13.32,-3.03549,8.12408
-13.318,-2.99609,8.15603
-13.316,-2.95809,8.18711
-13.314,-2.9214,8.21732
-13.312,-2.88595,8.24667
-13.31,-2.85167,8.27516
-13.308,-2.74397,8.25755
-13.306,-2.71426,8.2835
-13.304,-2.68543,8.30859
-13.302,-2.65745,8.33285
-13.3,-2.63027,8.35626
-13.298,-2.60386,8.37884
-13.296,-2.57818,8.40059
-13.294,-2.55319,8.42152
-13.292,-2.47588,8.38994
-13.29,-2.4537,8.40852
-13.288,-2.43207,8.42631
-13.286,-2.41095,8.4433
-13.284,-2.39034,8.4595
-13.282,-2.37021,8.47492
-13.28,-2.35054,8.48956
-13.278,-2.33131,8.50343
-13.276,-2.27369,8.4602
-13.274,-2.2563,8.47202
-13.272,-2.23928,8.48311
-13.27,-2.2226,8.49347
-13.268,-2.20625,8.50311
-13.266,-2.19022,8.51204
-13.264,-2.1745,8.52026
-13.262,-2.12938,8.46929
-13.26,-2.11498,8.47578
-13.258,-2.10083,8.48161
-13.256,-2.08693,8.48679
-13.254,-2.07327,8.49131
-13.252,-2.05983,8.4952
-13.25,-2.04661,8.49845
-13.248,-2.03361,8.50108
-13.246,-1.99853,8.44426
-13.244,-1.98648,8.44555
-13.242,-1.9746,8.44626
-13.24,-1.9629,8.44639
-13.238,-1.95137,8.44596
-13.236,-1.94,8.44497
-13.234,-1.92878,8.44344
-13.232,-1.91773,8.44136
-13.23,-1.89012,8.38206
-13.228,-1.87977,8.37904
-13.226,-1.86954,8.37552
-13.224,-1.85944,8.37152
-13.222,-1.84947,8.36703
-13.22,-1.83961,8.36208
-13.218,-1.82987,8.35666
-13.216,-1.82024,8.35078
-13.214,-1.79838,8.29224
-13.212,-1.78928,8.28579
-13.21,-1.78029,8.27892
-13.208,-1.77139,8.27164
-13.206,-1.76258,8.26396
-13.204,-1.75385,8.25589
-13.202,-1.74522,8.24743
-13.2,-1.73667,8.23859
-13.198,-1.71932,8.18376
-13.196,-1.71119,8.17468
-13.194,-1.70313,8.16524
-13.192,-1.69514,8.15547
-13.19,-1.68722,8.14537
-13.188,-1.67936,8.13494
-13.186,-1.67157,8.12419
-13.184,-1.66385,8.11313
-13.182,-1.65014,8.06447
-13.18,-1.64274,8.05343
-13.178,-1.6354,8.0421
-13.176,-1.62812,8.0305
-13.174,-1.62088,8.01861
-13.172,-1.6137,8.00646
-13.17,-1.60657,7.99405
-13.168,-1.59949,7.98138
-13.166,-1.58875,7.94075
-13.164,-1.58194,7.92829
-13.162,-1.57516,7.9156
-13.16,-1.56843,7.90268
-13.158,-1.56173,7.88952
-13.156,-1.55508,7.87614
-13.154,-1.54847,7.86254
-13.152,-1.54189,7.84872
-13.15,-1.53363,7.81733
-13.148,-1.52726,7.80386
-13.146,-1.52093,7.79019
-13.144,-1.51463,7.77632
-13.142,-1.50837,7.76225
-13.14,-1.50213,7.74798
-13.138,-1.49592,7.73353
-13.136,-1.48974,7.71888
-13.134,-1.48357,7.69732
-13.132,-1.47757,7.68309
-13.13,-1.47159,7.66869
-13.128,-1.46563,7.6541
-13.126,-1.4597,7.63934
-13.124,-1.45379,7.6244
-13.122,-1.44791,7.60929
-13.12,-1.44205,7.59401
-13.118,-1.43621,7.57857
-13.116,-1.43194,7.56743
-13.114,-1.42624,7.55241
-13.112,-1.42055,7.53722
-13.11,-1.41489,7.52187
-13.108,-1.40924,7.50636
-13.106,-1.40361,7.49069
-13.104,-1.398,7.47485
-13.102,-1.39241,7.45886
-13.1,-1.38965,7.45702
-13.098,-1.38417,7.44142
-13.096,-1.3787,7.42565
-13.094,-1.37325,7.40973
-13.092,-1.3678,7.39364
-13.09,-1.36238,7.3774
-13.088,-1.35696,7.361
-13.086,-1.35156,7.34444
-13.084,-1.35012,7.35103
-13.082,-1.34481,7.33479
-13.08,-1.33951,7.31839
-13.078,-1.33421,7.30183
-13.076,-1.32893,7.28511
-13.074,-1.32366,7.26822
-13.072,-1.31839,7.25118
-13.07,-1.31314,7.23398
-13.068,-1.30789,7.21662
-13.066,-1.30767,7.2309
-13.064,-1.3025,7.21375
-13.062,-1.29733,7.19644
-13.06,-1.29217,7.17897
-13.058,-1.28701,7.16133
-13.056,-1.28186,7.14353
-13.054,-1.27671,7.12556
-13.052,-1.27157,7.10742
-13.05,-1.26643,7.08912
-13.048,-1.26728,7.10962
-13.046,-1.2622,7.09142
-13.044,-1.25713,7.07305
-13.042,-1.25205,7.05451
-13.04,-1.24698,7.0358
-13.038,-1.24192,7.01692
-13.036,-1.23685,6.99786
-13.034,-1.23178,6.97863
-13.032,-1.22672,6.95923
-13.03,-1.22849,6.9844
-13.028,-1.22347,6.96499
-13.026,-1.21845,6.94539
-13.024,-1.21344,6.92562
-13.022,-1.20842,6.90566
-13.02,-1.2034,6.88552
-13.018,-1.19838,6.86521
-13.016,-1.19335,6.84471
-13.014,-1.19589,6.87298
-13.012,-1.19091,6.85236
-13.01,-1.18592,6.83155
-13.008,-1.18093,6.81055
-13.006,-1.17593,6.78936
-13.004,-1.17093,6.76799
-13.002,-1.16593,6.74642
-13,-1.16093,6.72466
-12.998,-1.15592,6.70271
-12.996,-1.15917,6.73282
-12.994,-1.15418,6.71064
-12.992,-1.14919,6.68827
-12.99,-1.1442,6.66569
-12.988,-1.1392,6.64292
-12.986,-1.13419,6.61995
-12.984,-1.12918,6.59678
-12.982,-1.12416,6.57341
-12.98,-1.11913,6.54984
-12.978,-1.12301,6.58046
-12.976,-1.11799,6.55656
-12.974,-1.11297,6.53245
-12.972,-1.10795,6.50813
-12.97,-1.10291,6.48361
-12.968,-1.09787,6.45889
-12.966,-1.09282,6.43395
-12.964,-1.08776,6.40881
-12.962,-1.08269,6.38347
-12.96,-1.08709,6.41339
-12.958,-1.08203,6.38761
-12.956,-1.07695,6.36162
-12.954,-1.07187,6.33542
-12.952,-1.06677,6.309
-12.95,-1.06167,6.28236
-12.948,-1.05655,6.25552
-12.946,-1.05142,6.22845
-12.944,-1.04628,6.20117
-12.942,-1.04113,6.17368
-12.94,-1.04599,6.20154
-12.938,-1.04083,6.17353
-12.936,-1.03566,6.14529
-12.934,-1.03047,6.11683
-12.932,-1.02528,6.08815
-12.93,-1.02006,6.05925
-12.928,-1.01484,6.03012
-12.926,-1.0096,6.00077
-12.924,-1.00435,5.9712
-12.922,-1.00957,5.99629
-12.92,-1.00429,5.96612
-12.918,-0.999008,5.93573
-12.916,-0.993705,5.9051
-12.914,-0.988386,5.87424
-12.912,-0.983051,5.84315
-12.91,-0.9777,5.81183
-12.908,-0.972331,5.78029
-12.906,-0.966946,5.74851
-12.904,-0.972443,5.77001
-12.902,-0.967028,5.73756
-12.9,-0.961594,5.70488
-12.898,-0.956141,5.67196
-12.896,-0.950669,5.63881
-12.894,-0.945178,5.60542
-12.892,-0.939667,5.57179
-12.89,-0.934136,5.53792
-12.888,-0.928585,5.50382
-12.886,-0.934274,5.521
-12.884,-0.928681,5.48617
-12.882,-0.923065,5.45109
-12.88,-0.917427,5.41577
-12.878,-0.911766,5.38021
-12.876,-0.906082,5.3444
-12.874,-0.900375,5.30835
-12.872,-0.894645,5.27206
-12.87,-0.88889,5.23552
-12.868,-0.883111,5.19874
-12.866,-0.888865,5.21042
-12.864,-0.883028,5.17284
-12.862,-0.877164,5.13502
-12.86,-0.871273,5.09695
-12.858,-0.865356,5.05862
-12.856,-0.859411,5.02005
-12.854,-0.853438,4.98123
-12.852,-0.847436,4.94216
-12.85,-0.841406,4.90283
-12.848,-0.835346,4.86326
-12.846,-0.841033,4.86879
-12.844,-0.834897,4.82836
-12.842,-0.828729,4.78769
-12.84,-0.822529,4.74675
-12.838,-0.816296,4.70557
-12.836,-0.81003,4.66412
-12.834,-0.803731,4.62243
-12.832,-0.797398,4.58047
-12.83,-0.79103,4.53827
-12.828,-0.796555,4.5377
-12.826,-0.790089,4.49459
-12.824,-0.783586,4.45123
-12.822,-0.777046,4.40761
-12.82,-0.770466,4.36373
-12.818,-0.763848,4.31959
-12.816,-0.757189,4.27519
-12.814,-0.75049,4.23053
-12.812,-0.74375,4.18561
-12.81,-0.736968,4.14043
-12.808,-0.742095,4.13267
-12.806,-0.735188,4.08656
-12.804,-0.728236,4.04018
-12.802,-0.721237,3.99354
-12.8,-0.714192,3.94663
-12.798,-0.707099,3.89947
-12.796,-0.699958,3.85204
-12.794,-0.692767,3.80436
-12.792,-0.685526,3.75641
-12.79,-0.678234,3.7082
-12.788,-0.682723,3.69283
-12.786,-0.675271,3.64364
-12.784,-0.667763,3.5942
-12.782,-0.660199,3.54449
-12.78,-0.652577,3.49452
-12.778,-0.644897,3.44429
-12.776,-0.637157,3.39379
-12.774,-0.629357,3.34304
-12.772,-0.621494,3.29202
-12.77,-0.613569,3.24074
-12.768,-0.617108,3.21744
-12.766,-0.608976,3.16517
-12.764,-0.600776,3.11263
-12.762,-0.592505,3.05984
-12.76,-0.584162,3.00679
-12.758,-0.575747,2.95348
-12.756,-0.567258,2.89991
-12.754,-0.558692,2.84609
-12.752,-0.55005,2.79201
-12.75,-0.541329,2.73768
-12.748,-0.543497,2.70622
-12.746,-0.534507,2.65088
-12.744,-0.52543,2.59528
-12.742,-0.516264,2.53944
-12.74,-0.507008,2.48334
-12.738,-0.49766,2.42699
-12.736,-0.488217,2.3704
-12.734,-0.478678,2.31355
-12.732,-0.469041,2.25646
-12.73,-0.459304,2.19913
-12.728,-0.459521,2.15944
-12.726,-0.449428,2.10111
-12.724,-0.439223,2.04254
-12.722,-0.428904,1.98373
-12.72,-0.418469,1.92468
-12.718,-0.407914,1.8654
-12.716,-0.397237,1.80588
-12.714,-0.386435,1.74613
-12.712,-0.375505,1.68615
-12.71,-0.364444,1.62594
-12.708,-0.361877,1.57813
-12.706,-0.350337,1.51696
-12.704,-0.33865,1.45557
-12.702,-0.326812,1.39396
-12.7,-0.314819,1.33213
-12.698,-0.302667,1.27009
-12.696,-0.290353,1.20784
-12.694,-0.277873,1.14538
-12.692,-0.265221,1.08272
-12.69,-0.252394,1.01985
-12.688,-0.245812,0.964245
-12.686,-0.232321,0.900487
-12.684,-0.21863,0.836538
-12.682,-0.204733,0.772403
-12.68,-0.190625,0.708086
-12.678,-0.176299,0.643591
-12.676,-0.161751,0.578926
-12.674,-0.146972,0.514098
-12.672,-0.131957,0.449115
-12.67,-0.116698,0.383994
-12.668,-0.104193,0.321285
-12.666,-0.0879829,0.255496
-12.664,-0.07149,0.189726
-12.662,-0.0547058,0.12426
-12.66,-0.037621,0.0606039
-12.658,-0.020226,0.0274276
-12.656,-0.00251081,0.0820712
-12.654,0.015535,0.147234
-12.652,0.0339222,0.213615
-12.65,0.0526624,0.280439
-12.648,0.0717674,0.34752
-12.646,0.0943643,0.416984
-12.644,0.11495,0.484817
-12.642,0.135969,0.552777
-12.64,0.157439,0.62085
-12.638,0.179374,0.689027
-12.636,0.201794,0.757298
-12.634,0.224716,0.825657
-12.632,0.248159,0.894096
-12.63,0.272144,0.962609
-12.628,0.296691,1.03119
-12.626,0.334368,1.1057
-12.624,0.361284,1.17473
-12.622,0.388891,1.2438
-12.62,0.417218,1.3129
-12.618,0.446296,1.38204
-12.616,0.47616,1.45119
-12.614,0.506845,1.52036
-12.612,0.538387,1.58954
-12.61,0.570828,1.65872
-12.608,0.604208,1.7279
-12.606,0.667836,1.8056
-12.604,0.705338,1.87498
-12.602,0.744043,1.94432
-12.6,0.784016,2.01362
-12.598,0.825325,2.08287
-12.596,0.868041,2.15207
-12.594,0.912244,2.2212
-12.592,0.958016,2.29026
-12.59,1.00545,2.35924
-12.588,1.05464,2.42814
-12.586,1.1057,2.49694
-12.584,1.22499,2.5757
-12.582,1.2847,2.64439
-12.58,1.34697,2.71295
-12.578,1.41198,2.78137
-12.576,1.47992,2.84964
-12.574,1.55101,2.91776
-12.572,1.62548,2.98572
-12.57,1.70358,3.05351
-12.568,1.7856,3.12113
-12.566,1.87185,3.18856
-12.564,1.96268,3.25579
-12.562,2.21783,3.33264
-12.56,2.33175,3.3994
-12.558,2.45283,3.46593
-12.556,2.58176,3.53221
-12.554,2.71937,3.59825
-12.552,2.86658,3.66403
-12.55,3.02444,3.72954
-12.548,3.19418,3.79478
-12.546,3.37722,3.85974
-12.544,3.57522,3.9244
-12.542,3.79011,3.98876
-12.54,4.52458,4.06039
-12.538,4.8396,4.1239
-12.536,5.18975,4.18706
-12.534,5.58132,4.24988
-12.532,6.02218,4.31235
-12.53,6.52234,4.37445
-12.528,7.09471,4.43617
-12.526,7.75624,4.49751
-12.524,8.52965,4.55847
-12.522,9.44608,4.61902
-12.52,13.8648,4.68283
-12.518,16.2116,4.74219
-12.516,19.4136,4.8011
-12.514,24.0436,4.85958
-12.512,31.332,4.9176
-12.51,44.4931,4.97517
-12.508,75.4221,5.03227
-12.506,234.902,5.0889
-12.504,220.352,5.14504
-12.502,76.1301,5.2007
-12.5,46.4201,5.25587
-12.498,20.6145,5.30814
-12.496,17.7601,5.36176
-12.494,15.6398,5.41486
-12.492,14.0024,5.46742
-12.49,12.6997,5.51944
-12.488,11.6384,5.57091
-12.486,10.757,5.62184
-12.484,10.0132,5.6722
-12.482,9.37708,5.72201
-12.48,8.82668,5.77124
-12.478,8.34573,5.8199
-12.476,7.04598,5.85802
-12.474,6.75535,5.90487
-12.472,6.49216,5.95113
-12.47,6.25267,5.99678
-12.468,6.03378,6.04183
-12.466,5.83291,6.08627
-12.464,5.64789,6.13009
-12.462,5.4769,6.1733
-12.46,5.31838,6.21588
-12.458,5.17098,6.25784
-12.456,5.03356,6.29916
-12.454,4.60637,6.32149
-12.452,4.50321,6.36086
-12.45,4.40591,6.39959
-12.448,4.31399,6.43768
-12.446,4.227,6.47513
-12.444,4.14453,6.51193
-12.442,4.06624,6.54808
-12.44,3.9918,6.58359
-12.438,3.92092,6.61844
-12.436,3.85334,6.65265
-12.434,3.78883,6.6862
-12.432,3.72717,6.7191
-12.43,3.52548,6.72392
-12.428,3.47475,6.75485
-12.426,3.42599,6.78513
-12.424,3.37909,6.81477
-12.422,3.33394,6.84375
-12.42,3.29044,6.87209
-12.418,3.24849,6.89977
-12.416,3.20799,6.92682
-12.414,3.16888,6.95322
-12.412,3.13108,6.97897
-12.41,3.09451,7.00409
-12.408,2.97461,6.99389
-12.406,2.94308,7.01717
-12.404,2.91249,7.03983
-12.402,2.88278,7.06186
-12.4,2.85391,7.08328
-12.398,2.82585,7.10407
-12.396,2.79855,7.12425
-12.394,2.77198,7.14382
-12.392,2.7461,7.16278
-12.39,2.7209,7.18114
-12.388,2.69633,7.19889
-12.386,2.61813,7.17622
-12.384,2.59629,7.1924
-12.382,2.57497,7.208
-12.38,2.55412,7.22303
-12.378,2.53374,7.2375
-12.376,2.5138,7.2514
-12.374,2.49429,7.26475
-12.372,2.4752,7.27754
-12.37,2.4565,7.28978
-12.368,2.43818,7.30148
-12.366,2.42022,7.31264
-12.364,2.36636,7.28113
-12.362,2.35006,7.29106
-12.36,2.33406,7.30048
-12.358,2.31835,7.3094
-12.356,2.30291,7.31782
-12.354,2.28775,7.32575
-12.352,2.27285,7.33319
-12.35,2.25819,7.34015
-12.348,2.24379,7.34664
-12.346,2.22961,7.35265
-12.344,2.21567,7.3582
-12.342,2.20195,7.3633
-12.34,2.1645,7.32687
-12.338,2.15181,7.33114
-12.336,2.13932,7.33499
-12.334,2.127,7.33841
-12.332,2.11485,7.34142
-12.33,2.10288,7.34402
-12.328,2.09106,7.34621
-12.326,2.07941,7.348
-12.324,2.06791,7.3494
-12.322,2.05656,7.35041
-12.32,2.04535,7.35104
-12.318,2.03428,7.35129
-12.316,2.00777,7.315
-12.314,1.99741,7.31483
-12.312,1.98716,7.31431
-12.31,1.97703,7.31345
-12.308,1.96701,7.31224
-12.306,1.95711,7.31071
-12.304,1.94731,7.30884
-12.302,1.93761,7.30666
-12.3,1.92802,7.30415
-12.298,1.91853,7.30132
-12.296,1.90913,7.29819
-12.294,1.88993,7.26635
-12.292,1.88103,7.26311
-12.29,1.87222,7.25959
-12.288,1.86349,7.25578
-12.286,1.85483,7.2517
-12.284,1.84625,7.24734
-12.282,1.83775,7.24271
-12.28,1.82932,7.23781
-12.278,1.82096,7.23266
-12.276,1.81267,7.22724
-12.274,1.80445,7.22157
-12.272,1.7963,7.21565
-12.27,1.78289,7.1917
-12.268,1.7751,7.18591
-12.266,1.76736,7.17989
-12.264,1.75968,7.17364
-12.262,1.75206,7.16716
-12.26,1.74448,7.16045
-12.258,1.73696,7.15352
-12.256,1.72949,7.14637
-12.254,1.72207,7.139
-12.252,1.7147,7.13141
-12.25,1.70737,7.12361
-12.248,1.70009,7.1156
-12.246,1.69109,7.10171
-12.244,1.68408,7.09397
-12.242,1.67711,7.08604
-12.24,1.67018,7.0779
-12.238,1.66328,7.06957
-12.236,1.65642,7.06104
-12.234,1.6496,7.05231
-12.232,1.64281,7.04339
-12.23,1.63606,7.03428
-12.228,1.62934,7.02498
-12.226,1.62265,7.01549
-12.224,1.616,7.00581
-12.222,1.61045,7.00274
-12.22,1.60399,6.99338
-12.218,1.59757,6.98384
-12.216,1.59117,6.9741
-12.214,1.5848,6.96419
-12.212,1.57846,6.9541
-12.21,1.57214,6.94382
-12.208,1.56584,6.93336
-12.206,1.55957,6.92273
-12.204,1.55332,6.91191
-12.202,1.54709,6.90092
-12.2,1.54088,6.88975
-12.198,1.53809,6.89706
-12.196,1.53204,6.88616
-12.194,1.526,6.87508
-12.192,1.51999,6.86383
-12.19,1.51399,6.85239
-12.188,1.50801,6.84077
-12.186,1.50205,6.82898
-12.184,1.4961,6.817
-12.182,1.49017,6.80485
-12.18,1.48425,6.79252
-12.178,1.47835,6.78002
-12.176,1.47246,6.76734
-12.174,1.47191,6.78368
-12.172,1.46614,6.77117
-12.17,1.46038,6.75847
-12.168,1.45463,6.74559
-12.166,1.4489,6.73253
-12.164,1.44317,6.71929
-12.162,1.43746,6.70586
-12.16,1.43175,6.69225
-12.158,1.42605,6.67845
-12.156,1.42036,6.66448
-12.154,1.41468,6.65031
-12.152,1.40901,6.63597
-12.15,1.41031,6.65941
-12.148,1.40473,6.64511
-12.146,1.39915,6.63061
-12.144,1.39358,6.61592
-12.142,1.38802,6.60104
-12.14,1.38246,6.58597
-12.138,1.3769,6.57071
-12.136,1.37135,6.55526
-12.134,1.3658,6.53961
-12.132,1.36026,6.52377
-12.13,1.35472,6.50774
-12.128,1.34918,6.49151
-12.126,1.35202,6.51985
-12.124,1.34655,6.50352
-12.122,1.34108,6.48699
-12.12,1.33561,6.47025
-12.118,1.33014,6.45332
-12.116,1.32468,6.43618
-12.114,1.31921,6.41884
-12.112,1.31374,6.4013
-12.11,1.30827,6.38356
-12.108,1.30281,6.36561
-12.106,1.29733,6.34746
-12.104,1.29186,6.3291
-12.102,1.29598,6.36009
-12.1,1.29055,6.34149
-12.098,1.28513,6.32268
-12.096,1.2797,6.30365
-12.094,1.27426,6.28441
-12.092,1.26883,6.26496
-12.09,1.26338,6.2453
-12.088,1.25794,6.22542
-12.086,1.25249,6.20533
-12.084,1.24703,6.18502
-12.082,1.24157,6.16451
-12.08,1.2361,6.14377
-12.078,1.23063,6.12282
-12.076,1.23584,6.15417
-12.074,1.2304,6.13283
-12.072,1.22494,6.11127
-12.07,1.21948,6.08949
-12.068,1.21402,6.06749
-12.066,1.20854,6.04526
-12.064,1.20306,6.02281
-12.062,1.19756,6.00014
-12.06,1.19206,5.97724
-12.058,1.18655,5.95412
-12.056,1.18103,5.93078
-12.054,1.1755,5.90721
-12.052,1.18157,5.93702
-12.05,1.17605,5.91294
-12.048,1.17052,5.88864
-12.046,1.16498,5.8641
-12.044,1.15942,5.83932
-12.042,1.15385,5.81432
-12.04,1.14827,5.78908
-12.038,1.14268,5.76361
-12.036,1.13708,5.73791
-12.034,1.13146,5.71198
-12.032,1.12582,5.68581
-12.03,1.12018,5.65941
-12.028,1.12692,5.686
-12.026,1.12127,5.65899
-12.024,1.1156,5.63173
-12.022,1.10992,5.60424
-12.02,1.10422,5.5765
-12.018,1.0985,5.54853
-12.016,1.09276,5.52031
-12.014,1.08701,5.49186
-12.012,1.08124,5.46316
-12.01,1.07545,5.43423
-12.008,1.06965,5.40505
-12.006,1.06382,5.37563
-12.004,1.05798,5.34597
-12.002,1.06521,5.36742
-12,1.05934,5.33705
-11.998,1.05345,5.30643
-11.996,1.04754,5.27556
-11.994,1.0416,5.24445
-11.992,1.03565,5.2131
-11.99,1.02967,5.18149
-11.988,1.02367,5.14964
-11.986,1.01764,5.11754
-11.984,1.0116,5.08519
-11.982,1.00552,5.0526
-11.98,0.999426,5.01976
-11.978,0.993305,4.98667
-11.976,1.00081,5.00157
-11.974,0.994637,4.96768
-11.972,0.988438,4.93355
-11.97,0.982213,4.89916
-11.968,0.975959,4.86452
-11.966,0.969677,4.82963
-11.964,0.963366,4.79448
-11.962,0.957025,4.75909
-11.96,0.950654,4.72344
-11.958,0.944253,4.68754
-11.956,0.937821,4.65138
-11.954,0.931357,4.61498
-11.952,0.924861,4.57832
-11.95,0.932374,4.58551
-11.948,0.925801,4.54799
-11.946,0.919193,4.51021
-11.944,0.912549,4.47218
-11.942,0.90587,4.43389
-11.94,0.899154,4.39535
-11.938,0.8924,4.35655
-11.936,0.885609,4.3175
-11.934,0.878779,4.27819
-11.932,0.87191,4.23863
-11.93,0.865001,4.19881
-11.928,0.858051,4.15874
-11.926,0.865328,4.15792
-11.924,0.858268,4.11693
-11.922,0.851164,4.07569
-11.92,0.844015,4.03419
-11.918,0.83682,3.99243
-11.916,0.829579,3.95042
-11.914,0.82229,3.90815
-11.912,0.814953,3.86563
-11.91,0.807567,3.82285
-11.908,0.800132,3.77982
-11.906,0.792645,3.73654
-11.904,0.785107,3.693
-11.902,0.777516,3.64921
-11.9,0.784109,3.63902
-11.898,0.776361,3.59428
-11.896,0.768555,3.54928
-11.894,0.760691,3.50403
-11.892,0.752766,3.45852
-11.89,0.744782,3.41277
-11.888,0.736735,3.36676
-11.886,0.728625,3.3205
-11.884,0.720451,3.27399
-11.882,0.712211,3.22723
-11.88,0.703905,3.18023
-11.878,0.69553,3.13297
-11.876,0.687086,3.08547
-11.874,0.692441,3.06541
-11.872,0.683774,3.01694
-11.87,0.67503,2.96822
-11.868,0.666209,2.91926
-11.866,0.657308,2.87005
-11.864,0.648326,2.8206
-11.862,0.639262,2.77091
-11.86,0.630113,2.72098
-11.858,0.620878,2.67081
-11.856,0.611556,2.6204
-11.854,0.602143,2.56976
-11.852,0.592639,2.51888
-11.85,0.583042,2.46776
-11.848,0.586352,2.43759
-11.846,0.576434,2.38551
-11.844,0.566413,2.33321
-11.842,0.556285,2.28067
-11.84,0.546049,2.22791
-11.838,0.535701,2.17493
-11.836,0.525241,2.12172
-11.834,0.514664,2.06828
-11.832,0.503969,2.01463
-11.83,0.493152,1.96076
-11.828,0.482212,1.90667
-11.826,0.471144,1.85237
-11.824,0.459947,1.79785
-11.822,0.448616,1.74312
-11.82,0.448311,1.70223
-11.818,0.436496,1.64659
-11.816,0.424532,1.59076
-11.814,0.412414,1.53471
-11.812,0.400138,1.47848
-11.81,0.387701,1.42204
-11.808,0.375098,1.36541
-11.806,0.362325,1.30859
-11.804,0.349378,1.25159
-11.802,0.336252,1.19439
-11.8,0.322942,1.13702
-11.798,0.309444,1.07947
-11.796,0.295753,1.02173
-11.794,0.289986,0.971417
-11.792,0.275556,0.91287
-11.79,0.260903,0.854159
-11.788,0.246022,0.795288
-11.786,0.230906,0.736259
-11.784,0.215549,0.677078
-11.782,0.199943,0.617749
-11.78,0.18408,0.558276
-11.778,0.167953,0.498666
-11.776,0.151555,0.438927
-11.774,0.134876,0.379067
-11.772,0.117909,0.319101
-11.77,0.100643,0.259053
-11.768,0.0858015,0.200584
-11.766,0.0673441,0.140146
-11.764,0.0485367,0.0802601
-11.762,0.0293676,0.0260462
-11.76,0.00982464,0.0489018
-11.758,-0.0101051,0.107791
-11.756,-0.0304351,0.168514
-11.754,-0.0511792,0.229695
-11.752,-0.0723522,0.2911
-11.75,-0.0939696,0.352654
-11.748,-0.116047,0.414324
-11.746,-0.138603,0.476091
-11.744,-0.161653,0.537942
-11.742,-0.192454,0.603146
-11.74,-0.217585,0.665481
-11.738,-0.243318,0.727869
-11.736,-0.269678,0.790305
-11.734,-0.296689,0.852782
-11.732,-0.32438,0.915294
-11.73,-0.352779,0.977836
-11.728,-0.381917,1.0404
-11.726,-0.411825,1.10298
-11.724,-0.442538,1.16558
-11.722,-0.474091,1.22818
-11.72,-0.506524,1.29078
-11.718,-0.539877,1.35337
-11.716,-0.574193,1.41596
-11.714,-0.638855,1.48563
-11.712,-0.677466,1.54839
-11.71,-0.717315,1.61111
-11.708,-0.758465,1.67378
-11.706,-0.800987,1.73641
-11.704,-0.844954,1.79897
-11.702,-0.890447,1.86147
-11.7,-0.937551,1.9239
-11.698,-0.986361,1.98625
-11.696,-1.03697,2.04852
-11.694,-1.0895,2.1107
-11.692,-1.14406,2.17278
-11.69,-1.20077,2.23476
-11.688,-1.25977,2.29663
-11.686,-1.40549,2.36718
-11.684,-1.47554,2.42887
-11.682,-1.54882,2.49042
-11.68,-1.62558,2.55181
-11.678,-1.70609,2.61306
-11.676,-1.79062,2.67414
-11.674,-1.87951,2.73505
-11.672,-1.97311,2.79579
-11.67,-2.07181,2.85634
-11.668,-2.17606,2.9167
-11.666,-2.28635,2.97687
-11.664,-2.40324,3.03683
-11.662,-2.52736,3.09658
-11.66,-2.91083,3.16412
-11.658,-3.07411,3.22332
-11.656,-3.24969,3.28228
-11.654,-3.43902,3.34098
-11.652,-3.64382,3.39943
-11.65,-3.86609,3.45761
-11.648,-4.10821,3.51551
-11.646,-4.37298,3.57314
-11.644,-4.66379,3.63049
-11.642,-4.98472,3.68753
-11.64,-5.34075,3.74428
-11.638,-5.73802,3.80073
-11.636,-6.18421,3.85685
-11.634,-6.68902,3.91266
-11.632,-8.82703,3.97267
-11.63,-9.78741,4.02752
-11.628,-10.9451,4.08203
-11.626,-12.3682,4.13617
-11.624,-14.16,4.18996
-11.622,-16.4854,4.24336
-11.62,-19.6251,4.2964
-11.618,-24.0982,4.34904
-11.616,-30.9845,4.4013
-11.614,-42.9605,4.45316
-11.612,-68.9822,4.50462
-11.61,-168.826,4.55567
-11.608,-408,4.60631
-11.606,-94.0364,4.65652
-11.604,-26.5606,4.70476
-11.602,-22.1207,4.75367
-11.6,-19.0114,4.80214
-11.598,-16.7121,4.85015
-11.596,-14.9426,4.89771
-11.594,-13.5385,4.94481
-11.592,-12.3971,4.99145
-11.59,-11.4508,5.03761
-11.588,-10.6534,5.0833
-11.586,-9.97229,5.1285
-11.584,-9.38364,5.17323
-11.582,-8.86977,5.21747
-11.58,-8.41721,5.26121
-11.578,-8.01555,5.30446
-11.576,-6.86001,5.33764
-11.574,-6.60818,5.37933
-11.572,-6.37801,5.42052
-11.57,-6.16678,5.46118
-11.568,-5.97222,5.50133
-11.566,-5.79241,5.54096
-11.564,-5.62571,5.58007
-11.562,-5.47072,5.61864
-11.56,-5.32621,5.65669
-11.558,-5.19115,5.69421
-11.556,-5.06461,5.73119
-11.554,-4.9458,5.76764
-11.552,-4.83402,5.80354
-11.55,-4.72864,5.83891
-11.548,-4.38149,5.85541
-11.546,-4.29975,5.88914
-11.544,-4.22203,5.92232
-11.542,-4.14801,5.95495
-11.54,-4.07745,5.98704
-11.538,-4.01008,6.01859
-11.536,-3.94569,6.04959
-11.534,-3.88407,6.08005
-11.532,-3.82505,6.10996
-11.53,-3.76844,6.13932
-11.528,-3.71411,6.16814
-11.526,-3.6619,6.19642
-11.524,-3.6117,6.22415
-11.522,-3.56336,6.25133
-11.52,-3.39936,6.25166
-11.518,-3.35871,6.27728
-11.516,-3.31941,6.30236
-11.514,-3.2814,6.32691
-11.512,-3.24461,6.35093
-11.51,-3.20897,6.37442
-11.508,-3.17443,6.39738
-11.506,-3.14092,6.41982
-11.504,-3.10841,6.44173
-11.502,-3.07684,6.46312
-11.5,-3.04617,6.48399
-11.498,-3.01635,6.50434
-11.496,-2.98735,6.52418
-11.494,-2.95913,6.54351
-11.492,-2.86592,6.53039
-11.49,-2.84111,6.54839
-11.488,-2.81691,6.5659
-11.486,-2.79329,6.58292
-11.484,-2.77023,6.59945
-11.482,-2.7477,6.6155
-11.48,-2.72568,6.63107
-11.478,-2.70416,6.64617
-11.476,-2.68311,6.66079
-11.474,-2.66251,6.67495
-11.472,-2.64235,6.68864
-11.47,-2.62261,6.70186
-11.468,-2.60327,6.71464
-11.466,-2.58433,6.72695
-11.464,-2.52628,6.70497
-11.462,-2.50915,6.71632
-11.46,-2.49234,6.72723
-11.458,-2.47583,6.73773
-11.456,-2.45962,6.74781
-11.454,-2.4437,6.75747
-11.452,-2.42805,6.76672
-11.45,-2.41266,6.77556
-11.448,-2.39754,6.784
-11.446,-2.38266,6.79204
-11.444,-2.36803,6.79968
-11.442,-2.35363,6.80694
-11.44,-2.33945,6.81381
-11.438,-2.3255,6.8203
-11.436,-2.28771,6.79503
-11.434,-2.27484,6.80094
-11.432,-2.26215,6.8065
-11.43,-2.24963,6.81171
-11.428,-2.23729,6.81657
-11.426,-2.22512,6.82109
-11.424,-2.21311,6.82526
-11.422,-2.20125,6.82911
-11.42,-2.18955,6.83262
-11.418,-2.178,6.8358
-11.416,-2.1666,6.83867
-11.414,-2.15533,6.84121
-11.412,-2.1442,6.84344
-11.41,-2.13321,6.84535
-11.408,-2.12234,6.84696
-11.406,-2.09801,6.82408
-11.404,-2.08782,6.8255
-11.402,-2.07775,6.82664
-11.4,-2.06778,6.82749
-11.398,-2.05791,6.82806
-11.396,-2.04815,6.82836
-11.394,-2.03848,6.82839
-11.392,-2.02892,6.82814
-11.39,-2.01944,6.82764
-11.388,-2.01006,6.82687
-11.386,-2.00077,6.82584
-11.384,-1.99156,6.82455
-11.382,-1.98244,6.82302
-11.38,-1.97341,6.82123
-11.378,-1.95769,6.80546
-11.376,-1.94912,6.80375
-11.374,-1.94061,6.8018
-11.372,-1.93218,6.79963
-11.37,-1.92381,6.79722
-11.368,-1.91551,6.79459
-11.366,-1.90728,6.79173
-11.364,-1.8991,6.78864
-11.362,-1.89099,6.78534
-11.36,-1.88294,6.78182
-11.358,-1.87495,6.77808
-11.356,-1.86701,6.77413
-11.354,-1.85913,6.76996
-11.352,-1.8513,6.76559
-11.35,-1.84182,6.7598
-11.348,-1.83432,6.75565
-11.346,-1.82687,6.7513
-11.344,-1.81946,6.74675
-11.342,-1.8121,6.74199
-11.34,-1.80478,6.73704
-11.338,-1.79751,6.73189
-11.336,-1.79028,6.72654
-11.334,-1.78308,6.721
-11.332,-1.77593,6.71527
-11.33,-1.76882,6.70934
-11.328,-1.76174,6.70322
-11.326,-1.7547,6.69691
-11.324,-1.7477,6.69041
-11.322,-1.74073,6.68373
-11.32,-1.73613,6.68941
-11.318,-1.72939,6.68298
-11.316,-1.72269,6.67637
-11.314,-1.71602,6.66956
-11.312,-1.70937,6.66257
-11.31,-1.70276,6.65539
-11.308,-1.69617,6.64803
-11.306,-1.6896,6.64048
-11.304,-1.68307,6.63274
-11.302,-1.67655,6.62483
-11.3,-1.67007,6.61673
-11.298,-1.6636,6.60844
-11.296,-1.65716,6.59997
-11.294,-1.65074,6.59132
-11.292,-1.64435,6.58249
-11.29,-1.64348,6.59891
-11.288,-1.63726,6.59026
-11.286,-1.63105,6.58143
-11.284,-1.62486,6.57241
-11.282,-1.61869,6.5632
-11.28,-1.61254,6.55381
-11.278,-1.6064,6.54422
-11.276,-1.60028,6.53446
-11.274,-1.59418,6.5245
-11.272,-1.58809,6.51436
-11.27,-1.58201,6.50403
-11.268,-1.57595,6.49352
-11.266,-1.5699,6.48281
-11.264,-1.56387,6.47193
-11.262,-1.55785,6.46085
-11.26,-1.55991,6.4859
-11.258,-1.55401,6.47487
-11.256,-1.54813,6.46365
-11.254,-1.54225,6.45224
-11.252,-1.53638,6.44063
-11.25,-1.53052,6.42882
-11.248,-1.52467,6.41682
-11.246,-1.51883,6.40463
-11.244,-1.513,6.39224
-11.242,-1.50717,6.37965
-11.24,-1.50135,6.36687
-11.238,-1.49554,6.35389
-11.236,-1.48973,6.34072
-11.234,-1.48393,6.32735
-11.232,-1.48824,6.35807
-11.23,-1.48253,6.34459
-11.228,-1.47683,6.33091
-11.226,-1.47113,6.31702
-11.224,-1.46543,6.30293
-11.222,-1.45973,6.28863
-11.22,-1.45403,6.27412
-11.218,-1.44834,6.25941
-11.216,-1.44265,6.24449
-11.214,-1.43696,6.22936
-11.212,-1.43127,6.21403
-11.21,-1.42558,6.19848
-11.208,-1.4199,6.18273
-11.206,-1.41421,6.16678
-11.204,-1.40852,6.15061
-11.202,-1.41475,6.18416
-11.2,-1.40912,6.16772
-11.198,-1.40349,6.15107
-11.196,-1.39786,6.13419
-11.194,-1.39223,6.1171
-11.192,-1.3866,6.09979
-11.19,-1.38096,6.08227
-11.188,-1.37532,6.06452
-11.186,-1.36967,6.04656
-11.184,-1.36402,6.02838
-11.182,-1.35836,6.00998
-11.18,-1.3527,5.99136
-11.178,-1.34704,5.97252
-11.176,-1.34136,5.95346
-11.174,-1.33569,5.93418
-11.172,-1.34345,5.96758
-11.17,-1.33781,5.94788
-11.168,-1.33216,5.92794
-11.166,-1.32651,5.90778
-11.164,-1.32085,5.88739
-11.162,-1.31518,5.86677
-11.16,-1.3095,5.84592
-11.158,-1.30381,5.82485
-11.156,-1.29811,5.80355
-11.154,-1.2924,5.78201
-11.152,-1.28668,5.76025
-11.15,-1.28095,5.73826
-11.148,-1.27521,5.71605
-11.146,-1.26946,5.6936
-11.144,-1.2637,5.67092
-11.142,-1.27267,5.70148
-11.14,-1.26692,5.67823
-11.138,-1.26116,5.65475
-11.136,-1.25539,5.63104
-11.134,-1.2496,5.60708
-11.132,-1.2438,5.5829
-11.13,-1.23798,5.55847
-11.128,-1.23215,5.53381
-11.126,-1.2263,5.50891
-11.124,-1.22044,5.48378
-11.122,-1.21456,5.45841
-11.12,-1.20867,5.4328
-11.118,-1.20275,5.40695
-11.116,-1.19683,5.38087
-11.114,-1.19088,5.35455
-11.112,-1.18492,5.32799
-11.11,-1.19481,5.35295
-11.108,-1.18883,5.32571
-11.106,-1.18284,5.29822
-11.104,-1.17682,5.27049
-11.102,-1.17079,5.24252
-11.1,-1.16473,5.21431
-11.098,-1.15865,5.18585
-11.096,-1.15255,5.15716
-11.094,-1.14643,5.12821
-11.092,-1.14029,5.09903
-11.09,-1.13412,5.06961
-11.088,-1.12793,5.03994
-11.086,-1.12172,5.01003
-11.084,-1.11548,4.97988
-11.082,-1.10922,4.94948
-11.08,-1.11968,4.96728
-11.078,-1.11338,4.93611
-11.076,-1.10705,4.90469
-11.074,-1.10069,4.87302
-11.072,-1.0943,4.84111
-11.07,-1.08789,4.80895
-11.068,-1.08145,4.77655
-11.066,-1.07497,4.7439
-11.064,-1.06847,4.71101
-11.062,-1.06194,4.67787
-11.06,-1.05537,4.64448
-11.058,-1.04878,4.61085
-11.056,-1.04215,4.57698
-11.054,-1.03549,4.54286
-11.052,-1.02879,4.5085
-11.05,-1.03946,4.51762
-11.048,-1.03269,4.48241
-11.046,-1.02589,4.44695
-11.044,-1.01904,4.41124
-11.042,-1.01216,4.37529
-11.04,-1.00524,4.33909
-11.038,-0.998282,4.30265
-11.036,-0.991284,4.26596
-11.034,-0.984244,4.22903
-11.032,-0.977164,4.19185
-11.03,-0.970041,4.15443
-11.028,-0.962876,4.11677
-11.026,-0.955668,4.07886
-11.024,-0.948415,4.04071
-11.022,-0.941117,4.00232
-11.02,-0.951542,4.00161
-11.018,-0.944122,3.96231
-11.016,-0.936653,3.92278
-11.014,-0.929134,3.883
-11.012,-0.921564,3.84298
-11.01,-0.913942,3.80272
-11.008,-0.906268,3.76222
-11.006,-0.898539,3.72148
-11.004,-0.890756,3.6805
-11.002,-0.882916,3.63928
-11,-0.87502,3.59782
-10.998,-0.867066,3.55613
-10.996,-0.859052,3.5142
-10.994,-0.850979,3.47203
-10.992,-0.842844,3.42963
-10.99,-0.834647,3.387
-10.988,-0.844079,3.37497
-10.986,-0.83569,3.33141
-10.984,-0.827232,3.28762
-10.982,-0.818704,3.2436
-10.98,-0.810105,3.19935
-10.978,-0.801432,3.15487
-10.976,-0.792686,3.11016
-10.974,-0.783864,3.06522
-10.972,-0.774964,3.02005
-10.97,-0.765986,2.97466
-10.968,-0.756928,2.92904
-10.966,-0.747787,2.8832
-10.964,-0.738563,2.83714
-10.962,-0.729253,2.79086
-10.96,-0.719856,2.74436
-10.958,-0.71037,2.69764
-10.956,-0.717744,2.67392
-10.954,-0.707958,2.6263
-10.952,-0.698072,2.57846
-10.95,-0.688086,2.5304
-10.948,-0.677997,2.48214
-10.946,-0.667802,2.43367
-10.944,-0.6575,2.38498
-10.942,-0.647087,2.3361
-10.94,-0.636561,2.287
-10.938,-0.625921,2.23771
-10.936,-0.615162,2.18821
-10.934,-0.604283,2.13852
-10.932,-0.593281,2.08863
-10.93,-0.582153,2.03854
-10.928,-0.570895,1.98826
-10.926,-0.574804,1.95369
-10.924,-0.563079,1.90255
-10.922,-0.551209,1.85124
-10.92,-0.539191,1.79973
-10.918,-0.527019,1.74805
-10.916,-0.514691,1.69618
-10.914,-0.502203,1.64414
-10.912,-0.48955,1.59192
-10.91,-0.476729,1.53953
-10.908,-0.463735,1.48697
-10.906,-0.450563,1.43425
-10.904,-0.43721,1.38136
-10.902,-0.42367,1.3283
-10.9,-0.409937,1.27509
-10.898,-0.396008,1.22172
-10.896,-0.381877,1.1682
-10.894,-0.37913,1.12292
-10.892,-0.364216,1.06866
-10.89,-0.34907,1.01426
-10.888,-0.333684,0.959713
-10.886,-0.318052,0.905033
-10.884,-0.302166,0.850219
-10.882,-0.286019,0.795276
-10.88,-0.269604,0.740207
-10.878,-0.252911,0.685015
-10.876,-0.235933,0.629704
-10.874,-0.218661,0.574278
-10.872,-0.201086,0.518742
-10.87,-0.183198,0.4631
-10.868,-0.164986,0.407358
-10.866,-0.146442,0.351522
-10.864,-0.127554,0.295602
-10.862,-0.112323,0.241357
-10.86,-0.0920189,0.184946
-10.858,-0.0713062,0.128561
-10.856,-0.0501713,0.0724636
-10.854,-0.0285991,0.0200382
-10.852,-0.00657411,0.0447772
-10.85,0.0159202,0.100424
-10.848,0.0389011,0.157046
-10.846,0.0623865,0.213916
-10.844,0.0863954,0.270912
-10.842,0.110948,0.327992
-10.84,0.136065,0.385137
-10.838,0.161768,0.442336
-10.836,0.188081,0.49958
-10.834,0.215028,0.556862
-10.832,0.242634,0.614177
-10.83,0.283321,0.674872
-10.828,0.313828,0.732501
-10.826,0.345155,0.790139
-10.824,0.37734,0.847781
-10.822,0.410421,0.905422
-10.82,0.444439,0.963057
-10.818,0.479439,1.02068
-10.816,0.515468,1.07829
-10.814,0.552574,1.13587
-10.812,0.590811,1.19343
-10.81,0.630235,1.25096
-10.808,0.670906,1.30845
-10.806,0.71289,1.3659
-10.804,0.756255,1.42331
-10.802,0.801075,1.48066
-10.8,0.847429,1.53795
-10.798,0.948697,1.60154
-10.796,1.00234,1.65883
-10.794,1.05804,1.71603
-10.792,1.11595,1.77314
-10.79,1.17619,1.83016
-10.788,1.23891,1.88708
-10.786,1.30429,1.9439
-10.784,1.3725,2.0006
-10.782,1.44373,2.05719
-10.78,1.5182,2.11366
-10.778,1.59615,2.17
-10.776,1.67784,2.22621
-10.774,1.76354,2.28228
-10.772,1.85357,2.33821
-10.77,1.94829,2.39399
-10.768,2.04807,2.44961
-10.766,2.34338,2.51178
-10.764,2.47023,2.56703
-10.762,2.60517,2.6221
-10.76,2.749,2.67699
-10.758,2.90265,2.73168
-10.756,3.0672,2.78617
-10.754,3.24385,2.84046
-10.752,3.43403,2.89454
-10.75,3.63936,2.9484
-10.748,3.86177,3.00204
-10.746,4.10351,3.05545
-10.744,4.36725,3.10864
-10.742,4.65616,3.16158
-10.74,4.97407,3.21428
-10.738,5.32562,3.26673
-10.736,5.71651,3.31893
-10.734,7.32415,3.37501
-10.732,8.00198,3.42647
-10.73,8.79061,3.47766
-10.728,9.71976,3.52856
-10.726,10.8308,3.57917
-10.724,12.1831,3.62948
-10.722,13.8652,3.67949
-10.72,16.0146,3.7292
-10.718,18.8579,3.7786
-10.716,22.7965,3.82769
-10.714,28.6152,3.87645
-10.712,38.0837,3.92489
-10.71,56.2085,3.973
-10.708,104.867,4.02078
-10.706,673.849,4.06821
-10.704,156.909,4.11531
-10.702,30.2198,4.16096
-10.7,24.8217,4.20701
-10.698,21.1332,4.25269
-10.696,18.4529,4.29801
-10.694,16.4168,4.34295
-10.692,14.8175,4.38752
-10.69,13.5279,4.43171
-10.688,12.4657,4.47552
-10.686,11.5757,4.51894
-10.684,10.819,4.56197
-10.682,10.1677,4.60461
-10.68,9.60103,4.64685
-10.678,9.10354,4.68869
-10.676,8.66321,4.73013
-10.674,8.27067,4.77116
-10.672,7.9185,4.81179
-10.67,6.8525,4.84387
-10.668,6.62622,4.88324
-10.666,6.418,4.92219
-10.664,6.22573,4.96072
-10.662,6.04763,4.99882
-10.66,5.88216,5.0365
-10.658,5.728,5.07374
-10.656,5.58402,5.11056
-10.654,5.44922,5.14694
-10.652,5.32274,5.18289
-10.65,5.2038,5.2184
-10.648,5.09175,5.25348
-10.646,4.98599,5.28812
-10.644,4.88598,5.32231
-10.642,4.79126,5.35606
-10.64,4.70141,5.38938
-10.638,4.61604,5.42224
-10.636,4.3239,5.43872
-10.634,4.25616,5.47029
-10.632,4.19137,5.50142
-10.63,4.12932,5.5321
-10.628,4.06983,5.56234
-10.626,4.01275,5.59214
-10.624,3.95792,5.6215
-10.622,3.90521,5.6504
-10.62,3.85448,5.67887
-10.618,3.80562,5.7069
-10.616,3.75853,5.73448
-10.614,3.7131,5.76161
-10.612,3.66924,5.78831
-10.61,3.62686,5.81457
-10.608,3.58589,5.84039
-10.606,3.54626,5.86576
-10.604,3.41137,5.86891
-10.602,3.37751,5.89312
-10.6,3.34464,5.9169
-10.598,3.31272,5.94026
-10.596,3.2817,5.96319
-10.594,3.25153,5.9857
-10.592,3.22218,6.00779
-10.59,3.19361,6.02945
-10.588,3.16579,6.0507
-10.586,3.13869,6.07153
-10.584,3.11227,6.09195
-10.582,3.08651,6.11195
-10.58,3.06137,6.13154
-10.578,3.03684,6.15073
-10.576,3.01288,6.16951
-10.574,2.98948,6.18788
-10.572,2.91615,6.18145
-10.57,2.89534,6.19893
-10.568,2.87497,6.21602
-10.566,2.85502,6.23273
-10.564,2.83548,6.24906
-10.562,2.81633,6.26501
-10.56,2.79757,6.28058
-10.558,2.77917,6.29578
-10.556,2.76112,6.31061
-10.554,2.74341,6.32507
-10.552,2.72603,6.33917
-10.55,2.70897,6.35291
-10.548,2.69222,6.36628
-10.546,2.67576,6.3793
-10.544,2.65959,6.39197
-10.542,2.6437,6.40429
-10.54,2.62807,6.41626
-10.538,2.58686,6.40537
-10.536,2.57258,6.4168
-10.534,2.55852,6.4279
-10.532,2.54468,6.43868
-10.53,2.53104,6.44913
-10.528,2.51761,6.45927
-10.526,2.50438,6.46909
-10.524,2.49133,6.47859
-10.522,2.47848,6.48779
-10.52,2.4658,6.49668
-10.518,2.45329,6.50526
-10.516,2.44096,6.51354
-10.514,2.42878,6.52152
-10.512,2.41677,6.52921
-10.51,2.40492,6.5366
-10.508,2.39321,6.5437
-10.506,2.38166,6.55052
-10.504,2.35881,6.54143
-10.502,2.34804,6.54804
-10.5,2.33739,6.55438
-10.498,2.32687,6.56046
-10.496,2.31647,6.56626
-10.494,2.30618,6.57181
-10.492,2.296,6.57709
-10.49,2.28593,6.58211
-10.488,2.27596,6.58688
-10.486,2.26611,6.59139
-10.484,2.25635,6.59565
-10.482,2.24669,6.59966
-10.48,2.23712,6.60342
-10.478,2.22765,6.60694
-10.476,2.21827,6.61021
-10.474,2.20898,6.61325
-10.472,2.19978,6.61604
-10.47,2.18866,6.61389
-10.468,2.17996,6.61673
-10.466,2.17133,6.61933
-10.464,2.16278,6.62172
-10.462,2.15429,6.62387
-10.46,2.14588,6.6258
-10.458,2.13753,6.62751
-10.456,2.12925,6.62901
-10.454,2.12103,6.63028
-10.452,2.11287,6.63133
-10.45,2.10478,6.63217
-10.448,2.09675,6.6328
-10.446,2.08877,6.63321
-10.444,2.08085,6.63341
-10.442,2.07299,6.6334
-10.44,2.06518,6.63318
-10.438,2.0619,6.64062
-10.436,2.05443,6.64055
-10.434,2.04702,6.64028
-10.432,2.03965,6.6398
-10.43,2.03232,6.63912
-10.428,2.02504,6.63824
-10.426,2.0178,6.63716
-10.424,2.0106,6.63587
-10.422,2.00344,6.63439
-10.42,1.99633,6.63271
-10.418,1.98925,6.63082
-10.416,1.98221,6.62874
-10.414,1.97521,6.62647
-10.412,1.96824,6.62399
-10.41,1.96131,6.62133
-10.408,1.95441,6.61846
-10.406,1.94755,6.6154
-10.404,1.95031,6.6334
-10.402,1.94369,6.63049
-10.4,1.93709,6.62738
-10.398,1.93053,6.62407
-10.396,1.92399,6.62057
-10.394,1.91748,6.61687
-10.392,1.91099,6.61298
-10.39,1.90453,6.60889
-10.388,1.89809,6.60461
-10.386,1.89168,6.60013
-10.384,1.88529,6.59546
-10.382,1.87893,6.59059
-10.38,1.87259,6.58553
-10.378,1.86627,6.58028
-10.376,1.85997,6.57483
-10.374,1.85369,6.56918
-10.372,1.84743,6.56335
-10.37,1.85485,6.59055
-10.368,1.84876,6.58476
-10.366,1.84269,6.57877
-10.364,1.83663,6.57259
-10.362,1.83059,6.5662
-10.36,1.82457,6.55961
-10.358,1.81856,6.55283
-10.356,1.81256,6.54584
-10.354,1.80658,6.53865
-10.352,1.80061,6.53127
-10.35,1.79466,6.52368
-10.348,1.78872,6.5159
-10.346,1.78278,6.50792
-10.344,1.77687,6.49973
-10.342,1.77096,6.49135
-10.34,1.76506,6.48276
-10.338,1.75917,6.47398
-10.336,1.7703,6.50769
-10.334,1.76454,6.4988
-10.332,1.75878,6.48971
-10.33,1.75303,6.4804
-10.328,1.74729,6.47089
-10.326,1.74156,6.46118
-10.324,1.73583,6.45125
-10.322,1.7301,6.44112
-10.32,1.72438,6.43078
-10.318,1.71867,6.42023
-10.316,1.71296,6.40947
-10.314,1.70726,6.3985
-10.312,1.70156,6.38732
-10.31,1.69587,6.37594
-10.308,1.69017,6.36434
-10.306,1.68449,6.35254
-10.304,1.6788,6.34053
-10.302,1.67312,6.3283
-10.3,1.68737,6.36514
-10.298,1.68177,6.35264
-10.296,1.67617,6.33993
-10.294,1.67057,6.327
-10.292,1.66497,6.31385
-10.29,1.65937,6.30049
-10.288,1.65377,6.28691
-10.286,1.64816,6.27311
-10.284,1.64256,6.2591
-10.282,1.63695,6.24486
-10.28,1.63134,6.23041
-10.278,1.62573,6.21574
-10.276,1.62012,6.20085
-10.274,1.6145,6.18575
-10.272,1.60888,6.17042
-10.27,1.60326,6.15488
-10.268,1.59763,6.13912
-10.266,1.61439,6.17564
-10.264,1.60882,6.15945
-10.262,1.60323,6.14304
-10.26,1.59765,6.1264
-10.258,1.59205,6.10954
-10.256,1.58645,6.09245
-10.254,1.58084,6.07514
-10.252,1.57522,6.05761
-10.25,1.5696,6.03985
-10.248,1.56397,6.02186
-10.246,1.55833,6.00365
-10.244,1.55268,5.98522
-10.242,1.54702,5.96656
-10.24,1.54135,5.94767
-10.238,1.53567,5.92856
-10.236,1.52999,5.90923
-10.234,1.52429,5.88967
-10.232,1.54316,5.92282
-10.23,1.53748,5.9027
-10.228,1.53179,5.88235
-10.226,1.5261,5.86177
-10.224,1.52038,5.84096
-10.222,1.51466,5.81992
-10.22,1.50892,5.79866
-10.218,1.50317,5.77716
-10.216,1.4974,5.75543
-10.214,1.49162,5.73347
-10.212,1.48582,5.71128
-10.21,1.48001,5.68887
-10.208,1.47418,5.66622
-10.206,1.46834,5.64335
-10.204,1.46248,5.62025
-10.202,1.45661,5.59692
-10.2,1.45071,5.57336
-10.198,1.47131,5.60059
-10.196,1.46541,5.57636
-10.194,1.4595,5.5519
-10.192,1.45356,5.52721
-10.19,1.4476,5.50228
-10.188,1.44162,5.47713
-10.186,1.43563,5.45174
-10.184,1.42961,5.42612
-10.182,1.42356,5.40027
-10.18,1.4175,5.37419
-10.178,1.41142,5.34788
-10.176,1.40531,5.32134
-10.174,1.39918,5.29457
-10.172,1.39302,5.26757
-10.17,1.38684,5.24034
-10.168,1.38064,5.21288
-10.166,1.37441,5.18519
-10.164,1.36815,5.15728
-10.162,1.3901,5.17602
-10.16,1.3838,5.14735
-10.158,1.37748,5.11845
-10.156,1.37112,5.08932
-10.154,1.36474,5.05996
-10.152,1.35833,5.03037
-10.15,1.35189,5.00055
-10.148,1.34542,4.9705
-10.146,1.33892,4.94022
-10.144,1.33238,4.90972
-10.142,1.32581,4.87899
-10.14,1.31921,4.84803
-10.138,1.31258,4.81684
-10.136,1.30591,4.78542
-10.134,1.29921,4.75378
-10.132,1.29247,4.72192
-10.13,1.2857,4.68983
-10.128,1.27888,4.65751
-10.126,1.30167,4.66611
-10.124,1.29477,4.63299
-10.122,1.28783,4.59965
-10.12,1.28085,4.56608
-10.118,1.27383,4.53228
-10.116,1.26677,4.49827
-10.114,1.25967,4.46402
-10.112,1.25252,4.42956
-10.11,1.24532,4.39488
-10.108,1.23808,4.35997
-10.106,1.2308,4.32484
-10.104,1.22347,4.2895
-10.102,1.21609,4.25393
-10.1,1.20866,4.21815
-10.098,1.20118,4.18214
-10.096,1.19365,4.14593
-10.094,1.18607,4.10949
-10.092,1.2091,4.1075
-10.09,1.20137,4.07024
-10.088,1.19359,4.03276
-10.086,1.18574,3.99507
-10.084,1.17785,3.95717
-10.082,1.16989,3.91905
-10.08,1.16187,3.88072
-10.078,1.15378,3.84218
-10.076,1.14564,3.80344
-10.074,1.13743,3.76448
-10.072,1.12915,3.72531
-10.07,1.12081,3.68594
-10.068,1.1124,3.64636
-10.066,1.10392,3.60658
-10.064,1.09537,3.56659
-10.062,1.08675,3.5264
-10.06,1.07805,3.486
-10.058,1.06928,3.44541
-10.056,1.09148,3.43175
-10.054,1.08247,3.39034
-10.052,1.07337,3.34874
-10.05,1.06419,3.30694
-10.048,1.05492,3.26494
-10.046,1.04556,3.22275
-10.044,1.03611,3.18037
-10.042,1.02657,3.1378
-10.04,1.01694,3.09504
-10.038,1.00721,3.05209
-10.036,0.997384,3.00895
-10.034,0.987457,2.96562
-10.032,0.977428,2.92212
-10.03,0.967295,2.87843
-10.028,0.957056,2.83456
-10.026,0.946708,2.7905
-10.024,0.936248,2.74628
-10.022,0.925675,2.70187
-10.02,0.945349,2.67667
-10.018,0.934366,2.63151
-10.016,0.923257,2.58617
-10.014,0.912016,2.54067
-10.012,0.900643,2.495
-10.01,0.889132,2.44916
-10.008,0.877482,2.40316
-10.006,0.865689,2.35699
-10.004,0.853748,2.31067
-10.002,0.841658,2.26419
-10,0.829414,2.21755
-9.998,0.817012,2.17076
-9.996,0.804449,2.12382
-9.994,0.79172,2.07672
-9.992,0.778821,2.02948
-9.99,0.765749,1.98209
-9.988,0.752497,1.93456
-9.986,0.739063,1.88688
-9.984,0.753073,1.85103
-9.982,0.738924,1.80269
-9.98,0.724565,1.75423
-9.978,0.709991,1.70564
-9.976,0.695196,1.65691
-9.974,0.680172,1.60806
-9.972,0.664915,1.55909
-9.97,0.649418,1.51
-9.968,0.633672,1.46078
-9.966,0.617672,1.41146
-9.964,0.60141,1.36201
-9.962,0.584879,1.31246
-9.96,0.568069,1.2628
-9.958,0.550973,1.21303
-9.956,0.533583,1.16316
-9.954,0.515889,1.11319
-9.952,0.497882,1.06312
-9.95,0.479552,1.01296
-9.948,0.481478,0.968112
-9.946,0.461792,0.917449
-9.944,0.441724,0.866704
-9.942,0.421262,0.815878
-9.94,0.400392,0.764977
-9.938,0.379099,0.714002
-9.936,0.357369,0.662956
-9.934,0.335187,0.611843
-9.932,0.312537,0.560667
-9.93,0.289402,0.509429
-9.928,0.265764,0.458135
-9.926,0.241605,0.406788
-9.924,0.216904,0.355392
-9.922,0.191643,0.303951
-9.92,0.165799,0.252472
-9.918,0.13935,0.200964
-9.916,0.112272,0.149444
-9.914,0.0845394,0.0979583
-9.912,0.0591527,0.047009
-9.91,0.0284641,0.0100695
-9.908,-0.00303846,0.0581761
-9.906,-0.0353906,0.109839
-9.904,-0.0686301,0.161697
-9.902,-0.102797,0.213614
-9.9,-0.137933,0.265557
-9.898,-0.174085,0.317514
-9.896,-0.211299,0.369475
-9.894,-0.249626,0.421435
-9.892,-0.289122,0.47339
-9.89,-0.329843,0.525334
-9.888,-0.371852,0.577264
-9.886,-0.415214,0.629175
-9.884,-0.460001,0.681064
-9.882,-0.506287,0.732927
-9.88,-0.554153,0.784759
-9.878,-0.603687,0.836557
-9.876,-0.701746,0.890996
-9.874,-0.759515,0.942825
-9.872,-0.819559,0.994601
-9.87,-0.88202,1.04632
-9.868,-0.947053,1.09798
-9.866,-1.01483,1.14958
-9.864,-1.08553,1.20111
-9.862,-1.15935,1.25257
-9.86,-1.23652,1.30395
-9.858,-1.31728,1.35525
-9.856,-1.40189,1.40647
-9.854,-1.49063,1.4576
-9.852,-1.58384,1.50864
-9.85,-1.68187,1.55958
-9.848,-1.7851,1.61043
-9.846,-1.89399,1.66117
-9.844,-2.00901,1.7118
-9.842,-2.13071,1.76233
-9.84,-2.50777,1.81607
-9.838,-2.66761,1.86635
-9.836,-2.83871,1.91649
-9.834,-3.02234,1.9665
-9.832,-3.21994,2.01637
-9.83,-3.43318,2.06611
-9.828,-3.66404,2.11569
-9.826,-3.91481,2.16513
-9.824,-4.18821,2.21442
-9.822,-4.48749,2.26355
-9.82,-4.81654,2.31252
-9.818,-5.18007,2.36132
-9.816,-5.58384,2.40996
-9.814,-6.03498,2.45842
-9.812,-6.54241,2.50671
-9.81,-7.11741,2.55482
-9.808,-7.77453,2.60275
-9.806,-8.53279,2.65049
-9.804,-12.3778,2.69965
-9.802,-14.1297,2.74688
-9.8,-16.3645,2.7939
-9.798,-19.314,2.84072
-9.796,-23.3868,2.88732
-9.794,-29.3766,2.93372
-9.792,-39.0546,2.9799
-9.79,-57.3451,3.02585
-9.788,-104.971,3.07159
-9.786,-538.482,3.1171
-9.784,-179.16,3.16238
-9.782,-78.121,3.20742
-9.78,-50.4786,3.25223
-9.778,-37.565,3.2968
-9.776,-30.084,3.34113
-9.774,-25.2028,3.38522
-9.772,-21.7665,3.42905
-9.77,-19.216,3.47264
-9.768,-17.2477,3.51597
-9.766,-12.5751,3.55684
-9.764,-11.7868,3.59944
-9.762,-11.1076,3.64177
-9.76,-10.5165,3.68384
-9.758,-9.99711,3.72564
-9.756,-9.5372,3.76717
-9.754,-9.12703,3.80842
-9.752,-8.75891,3.84939
-9.75,-8.42665,3.89009
-9.748,-8.12522,3.9305
-9.746,-7.85049,3.97063
-9.744,-7.59904,4.01047
-9.742,-7.368,4.05003
-9.74,-7.15495,4.08929
-9.738,-6.95787,4.12827
-9.736,-6.77498,4.16695
-9.734,-6.6048,4.20533
-9.732,-6.44603,4.24342
-9.73,-5.92186,4.27455
-9.728,-5.80561,4.31181
-9.726,-5.69586,4.34877
-9.724,-5.59207,4.38543
-9.722,-5.49376,4.42178
-9.72,-5.40049,4.45782
-9.718,-5.31188,4.49356
-9.716,-5.22758,4.52899
-9.714,-5.14726,4.56411
-9.712,-5.07065,4.59893
-9.71,-4.99748,4.63343
-9.708,-4.92753,4.66762
-9.706,-4.86057,4.7015
-9.704,-4.79641,4.73506
-9.702,-4.73488,4.76831
-9.7,-4.6758,4.80125
-9.698,-4.61902,4.83387
-9.696,-4.56442,4.86617
-9.694,-4.39201,4.88781
-9.692,-4.34678,4.91931
-9.69,-4.30309,4.95051
-9.688,-4.26086,4.98139
-9.686,-4.22,5.01195
-9.684,-4.18045,5.04221
-9.682,-4.14214,5.07215
-9.68,-4.10501,5.10178
-9.678,-4.069,5.13109
-9.676,-4.03406,5.16009
-9.674,-4.00013,5.18878
-9.672,-3.96718,5.21716
-9.67,-3.93515,5.24523
-9.668,-3.904,5.27298
-9.666,-3.87369,5.30042
-9.664,-3.84419,5.32755
-9.662,-3.81546,5.35438
-9.66,-3.78747,5.38089
-9.658,-3.76019,5.40709
-9.656,-3.69434,5.42116
-9.654,-3.67042,5.44671
-9.652,-3.64705,5.47196
-9.65,-3.6242,5.49691
-9.648,-3.60187,5.52156
-9.646,-3.58003,5.54591
-9.644,-3.55865,5.56997
-9.642,-3.53774,5.59373
-9.64,-3.51725,5.61719
-9.638,-3.4972,5.64036
-9.636,-3.47754,5.66323
-9.634,-3.45828,5.68581
-9.632,-3.4394,5.7081
-9.63,-3.42088,5.7301
-9.628,-3.40272,5.75181
-9.626,-3.3849,5.77323
-9.624,-3.3674,5.79436
-9.622,-3.35023,5.81521
-9.62,-3.33336,5.83577
-9.618,-3.31392,5.84642
-9.616,-3.29863,5.86655
-9.614,-3.2836,5.88641
-9.612,-3.26881,5.90599
-9.61,-3.25426,5.9253
-9.608,-3.23994,5.94433
-9.606,-3.22584,5.9631
-9.604,-3.21196,5.9816
-9.602,-3.19829,5.99983
-9.6,-3.18482,6.0178
-9.598,-3.17155,6.0355
-9.596,-3.15848,6.05294
-9.594,-3.14559,6.07011
-9.592,-3.13288,6.08702
-9.59,-3.12034,6.10367
-9.588,-3.10798,6.12007
-9.586,-3.09579,6.1362
-9.584,-3.08376,6.15208
-9.582,-3.07188,6.16771
-9.58,-3.0783,6.17953
-9.578,-3.0673,6.19494
-9.576,-3.05643,6.2101
-9.574,-3.04569,6.22501
-9.572,-3.03508,6.23969
-9.57,-3.02458,6.25411
-9.568,-3.01421,6.2683
-9.566,-3.00396,6.28224
-9.564,-2.99382,6.29595
-9.562,-2.98379,6.30942
-9.56,-2.97387,6.32265
-9.558,-2.96405,6.33564
-9.556,-2.95434,6.3484
-9.554,-2.94472,6.36092
-9.552,-2.93521,6.37321
-9.55,-2.92579,6.38527
-9.548,-2.91646,6.39709
-9.546,-2.90722,6.40869
-9.544,-2.93021,6.42515
-9.542,-2.92152,6.43667
-9.54,-2.9129,6.44796
-9.538,-2.90436,6.45903
-9.536,-2.8959,6.46987
-9.534,-2.88751,6.48049
-9.532,-2.87918,6.49089
-9.53,-2.87093,6.50107
-9.528,-2.86275,6.51103
-9.526,-2.85463,6.52076
-9.524,-2.84658,6.53028
-9.522,-2.83858,6.53957
-9.52,-2.83066,6.54865
-9.518,-2.82279,6.55751
-9.516,-2.81498,6.56616
-9.514,-2.80722,6.57459
-9.512,-2.79953,6.5828
-9.51,-2.79188,6.59079
-9.508,-2.7843,6.59858
-9.506,-2.8201,6.62154
-9.504,-2.81287,6.6293
-9.502,-2.80568,6.63684
-9.5,-2.79854,6.64418
-9.498,-2.79144,6.65129
-9.496,-2.78439,6.6582
-9.494,-2.77737,6.66489
-9.492,-2.7704,6.67138
-9.49,-2.76347,6.67765
-9.488,-2.75658,6.6837
-9.486,-2.74973,6.68955
-9.484,-2.74291,6.69519
-9.482,-2.73613,6.70062
-9.48,-2.72939,6.70584
-9.478,-2.72268,6.71084
-9.476,-2.71601,6.71564
-9.474,-2.70937,6.72023
-9.472,-2.70276,6.72461
-9.47,-2.69619,6.72879
-9.468,-2.74248,6.75799
-9.466,-2.73615,6.7621
-9.464,-2.72984,6.766
-9.462,-2.72356,6.7697
-9.46,-2.71731,6.77318
-9.458,-2.71108,6.77645
-9.456,-2.70488,6.77951
-9.454,-2.6987,6.78236
-9.452,-2.69255,6.785
-9.45,-2.68642,6.78743
-9.448,-2.68031,6.78965
-9.446,-2.67422,6.79166
-9.444,-2.66815,6.79346
-9.442,-2.66211,6.79505
-9.44,-2.65609,6.79643
-9.438,-2.65008,6.7976
-9.436,-2.6441,6.79856
-9.434,-2.63813,6.79932
-9.432,-2.63218,6.79986
-9.43,-2.68773,6.83335
-9.428,-2.68195,6.83374
-9.426,-2.67618,6.83392
-9.424,-2.67043,6.83389
-9.422,-2.6647,6.83364
-9.42,-2.65897,6.83318
-9.418,-2.65327,6.83251
-9.416,-2.64757,6.83162
-9.414,-2.64189,6.83052
-9.412,-2.63622,6.82921
-9.41,-2.63056,6.82769
-9.408,-2.62491,6.82595
-9.406,-2.61927,6.824
-9.404,-2.61365,6.82183
-9.402,-2.60803,6.81946
-9.4,-2.60242,6.81687
-9.398,-2.59682,6.81407
-9.396,-2.59124,6.81105
-9.394,-2.58566,6.80783
-9.392,-2.58008,6.80439
-9.39,-2.6444,6.83919
-9.388,-2.63895,6.83548
-9.386,-2.6335,6.83155
-9.384,-2.62805,6.82741
-9.382,-2.62261,6.82305
-9.38,-2.61718,6.81847
-9.378,-2.61175,6.81368
-9.376,-2.60632,6.80867
-9.374,-2.6009,6.80345
-9.372,-2.59548,6.798
-9.37,-2.59006,6.79235
-9.368,-2.58465,6.78647
-9.366,-2.57924,6.78038
-9.364,-2.57383,6.77407
-9.362,-2.56842,6.76755
-9.36,-2.56302,6.76081
-9.358,-2.55762,6.75386
-9.356,-2.55221,6.74669
-9.354,-2.54681,6.73931
-9.352,-2.6196,6.77217
-9.35,-2.61428,6.7644
-9.348,-2.60895,6.75642
-9.346,-2.60362,6.74822
-9.344,-2.59829,6.73979
-9.342,-2.59296,6.73115
-9.34,-2.58762,6.72229
-9.338,-2.58228,6.71322
-9.336,-2.57694,6.70392
-9.334,-2.5716,6.69441
-9.332,-2.56625,6.68468
-9.33,-2.5609,6.67473
-9.328,-2.55555,6.66456
-9.326,-2.55019,6.65418
-9.324,-2.54482,6.64358
-9.322,-2.53945,6.63276
-9.32,-2.53407,6.62173
-9.318,-2.52869,6.61048
-9.316,-2.52331,6.59901
-9.314,-2.6047,6.62698
-9.312,-2.59935,6.61504
-9.31,-2.594,6.60289
-9.308,-2.58864,6.59051
-9.306,-2.58327,6.57792
-9.304,-2.57789,6.56511
-9.302,-2.57251,6.55208
-9.3,-2.56711,6.53883
-9.298,-2.56171,6.52537
-9.296,-2.55629,6.51169
-9.294,-2.55087,6.49779
-9.292,-2.54543,6.48368
-9.29,-2.53999,6.46935
-9.288,-2.53453,6.4548
-9.286,-2.52906,6.44004
-9.284,-2.52358,6.42506
-9.282,-2.51809,6.40986
-9.28,-2.51258,6.39445
-9.278,-2.50706,6.37883
-9.276,-2.59742,6.39948
-9.274,-2.59191,6.38333
-9.272,-2.58639,6.36696
-9.27,-2.58085,6.35038
-9.268,-2.5753,6.33358
-9.266,-2.56973,6.31657
-9.264,-2.56415,6.29934
-9.262,-2.55855,6.28189
-9.26,-2.55293,6.26423
-9.258,-2.5473,6.24636
-9.256,-2.54165,6.22827
-9.254,-2.53598,6.20997
-9.252,-2.5303,6.19146
-9.25,-2.52459,6.17274
-9.248,-2.51887,6.1538
-9.246,-2.51313,6.13465
-9.244,-2.50737,6.11529
-9.242,-2.50158,6.09572
-9.24,-2.49578,6.07593
-9.238,-2.48996,6.05594
-9.236,-2.58982,6.06718
-9.234,-2.58397,6.04663
-9.232,-2.5781,6.02587
-9.23,-2.5722,6.0049
-9.228,-2.56628,5.98372
-9.226,-2.56034,5.96233
-9.224,-2.55438,5.94073
-9.222,-2.54838,5.91892
-9.22,-2.54237,5.89691
-9.218,-2.53632,5.87468
-9.216,-2.53025,5.85225
-9.214,-2.52415,5.82961
-9.212,-2.51803,5.80677
-9.21,-2.51188,5.78372
-9.208,-2.5057,5.76046
-9.206,-2.49949,5.737
-9.204,-2.49325,5.71333
-9.202,-2.48698,5.68946
-9.2,-2.48068,5.66539
-9.198,-2.47435,5.64111
-9.196,-2.58434,5.64186
-9.194,-2.57794,5.61703
-9.192,-2.57151,5.592
-9.19,-2.56504,5.56677
-9.188,-2.55854,5.54133
-9.186,-2.552,5.51569
-9.184,-2.54542,5.48985
-9.182,-2.53881,5.46381
-9.18,-2.53215,5.43757
-9.178,-2.52546,5.41113
-9.176,-2.51874,5.3845
-9.174,-2.51197,5.35766
-9.172,-2.50516,5.33063
-9.17,-2.49831,5.3034
-9.168,-2.49142,5.27597
-9.166,-2.48449,5.24835
-9.164,-2.47751,5.22053
-9.162,-2.47049,5.19252
-9.16,-2.46342,5.16431
-9.158,-2.58435,5.15461
-9.156,-2.57716,5.12588
-9.154,-2.56991,5.09697
-9.152,-2.56262,5.06786
-9.15,-2.55528,5.03855
-9.148,-2.54788,5.00906
-9.146,-2.54043,4.97938
-9.144,-2.53293,4.9495
-9.142,-2.52537,4.91944
-9.14,-2.51776,4.88919
-9.138,-2.51009,4.85875
-9.136,-2.50236,4.82812
-9.134,-2.49458,4.79731
-9.132,-2.48673,4.76631
-9.13,-2.47883,4.73513
-9.128,-2.47086,4.70376
-9.126,-2.46283,4.67221
-9.124,-2.45473,4.64048
-9.122,-2.44657,4.60857
-9.12,-2.43835,4.57647
-9.118,-2.57085,4.5564
-9.116,-2.5624,4.52384
-9.114,-2.55388,4.49111
-9.112,-2.54528,4.4582
-9.11,-2.5366,4.4251
-9.108,-2.52785,4.39184
-9.106,-2.51902,4.35839
-9.104,-2.5101,4.32477
-9.102,-2.5011,4.29098
-9.1,-2.49202,4.25701
-9.098,-2.48286,4.22287
-9.096,-2.4736,4.18856
-9.094,-2.46426,4.15408
-9.092,-2.45482,4.11943
-9.09,-2.44529,4.08461
-9.088,-2.43567,4.04962
-9.086,-2.42595,4.01446
-9.084,-2.41613,3.97914
-9.082,-2.40621,3.94365
-9.08,-2.39619,3.908
-9.078,-2.5406,3.8787
-9.076,-2.53019,3.84268
-9.074,-2.51967,3.80649
-9.072,-2.50902,3.77014
-9.07,-2.49826,3.73363
-9.068,-2.48737,3.69696
-9.066,-2.47636,3.66013
-9.064,-2.46522,3.62315
-9.062,-2.45394,3.58601
-9.06,-2.44253,3.54871
-9.058,-2.43099,3.51127
-9.056,-2.4193,3.47367
-9.054,-2.40747,3.43592
-9.052,-2.39549,3.39802
-9.05,-2.38335,3.35997
-9.048,-2.37107,3.32178
-9.046,-2.35862,3.28344
-9.044,-2.34601,3.24496
-9.042,-2.33324,3.20633
-9.04,-2.32029,3.16756
-9.038,-2.46736,3.13081
-9.036,-2.45372,3.09176
-9.034,-2.43989,3.05257
-9.032,-2.42585,3.01325
-9.03,-2.41161,2.97379
-9.028,-2.39715,2.93419
-9.026,-2.38248,2.89446
-9.024,-2.36759,2.85459
-9.022,-2.35247,2.8146
-9.02,-2.33711,2.77447
-9.018,-2.32151,2.73422
-9.016,-2.30567,2.69383
-9.014,-2.28957,2.65333
-9.012,-2.27321,2.6127
-9.01,-2.25657,2.57194
-9.008,-2.23966,2.53107
-9.006,-2.22247,2.49008
-9.004,-2.20498,2.44897
-9.002,-2.18719,2.40774
-9,-2.16908,2.3664
-8.998,-2.15065,2.32495
-8.996,-2.1319,2.28338
-8.994,-2.1128,2.24171
-8.992,-2.09334,2.19992
-8.99,-2.07353,2.15803
-8.988,-2.05334,2.11604
-8.986,-2.03276,2.07395
-8.984,-2.01178,2.03175
-8.982,-1.99039,1.98945
-8.98,-1.96857,1.94706
-8.978,-1.94631,1.90457
-8.976,-1.92359,1.86199
-8.974,-1.9004,1.81932
-8.972,-1.87672,1.77655
-8.97,-1.85254,1.7337
-8.968,-1.82783,1.69076
-8.966,-1.80258,1.64774
-8.964,-1.77676,1.60463
-8.962,-1.75036,1.56145
-8.96,-1.72335,1.51818
-8.958,-1.69572,1.47484
-8.956,-1.66743,1.43143
-8.954,-1.63846,1.38794
-8.952,-1.60879,1.34438
-8.95,-1.57838,1.30075
-8.948,-1.5472,1.25706
-8.946,-1.51524,1.2133
-8.944,-1.48244,1.16948
-8.942,-1.44878,1.1256
-8.94,-1.41421,1.08166
-8.938,-1.37871,1.03767
-8.936,-1.34222,0.993618
-8.934,-1.30471,0.949517
-8.932,-1.26613,0.905368
-8.93,-1.22642,0.86117
-8.928,-1.18554,0.816928
-8.926,-1.14343,0.772643
-8.924,-1.10002,0.728317
-8.922,-1.05526,0.683953
-8.92,-1.00908,0.639552
-8.918,-0.961402,0.595118
-8.916,-0.912151,0.550651
-8.914,-0.861243,0.506156
-8.912,-0.808591,0.461633
-8.91,-0.754098,0.417085
-8.908,-0.697662,0.372515
-8.906,-0.639173,0.327925
-8.904,-0.578511,0.283317
-8.902,-0.515548,0.238694
-8.9,-0.450145,0.194057
-8.898,-0.382154,0.14941
-8.896,-0.31141,0.104755
-8.894,-0.237739,0.0600933
-8.892,-0.160947,0.0154283
-8.89,-0.0808272,0.0292378
-8.888,0.00284975,0.0739026
-8.886,0.0903328,0.118564
-8.884,0.181895,0.163219
-8.882,0.277836,0.207865
-8.88,0.378487,0.2525
-8.878,0.48421,0.297122
-8.876,0.59541,0.341728
-8.874,0.712532,0.386316
-8.872,0.836072,0.430882
-8.87,0.966584,0.475426
-8.868,1.10469,0.519943
-8.866,1.25107,0.564432
-8.864,1.40653,0.608891
-8.862,1.57193,0.653316
-8.86,1.74829,0.697705
-8.858,1.93674,0.742057
-8.856,2.13858,0.786367
-8.854,2.35532,0.830634
-8.852,2.5887,0.874856
-8.85,2.84071,0.919029
-8.848,3.11372,0.963152
-8.846,3.41048,1.00722
-8.844,3.73426,1.05123
-8.842,4.08897,1.09519
-8.84,4.47929,1.13909
-8.838,4.9109,1.18292
-8.836,5.39077,1.22668
-8.834,5.92751,1.27038
-8.832,6.53193,1.31401
-8.83,7.21776,1.35756
-8.828,8.00268,1.40104
-8.826,8.90996,1.44444
-8.824,9.9707,1.48776
-8.822,11.2276,1.531
-8.82,12.7406,1.57415
-8.818,14.5972,1.61722
-8.816,16.9297,1.66019
-8.814,19.9482,1.70308
-8.812,24.0078,1.74586
-8.81,29.7601,1.78855
-8.808,38.5435,1.83114
-8.806,53.6131,1.87363
-8.804,85.4813,1.91601
-8.802,197.631,1.95829
-8.8,778.273,2.00046
-8.798,135.95,2.04251
-8.796,75.929,2.08446
-8.794,53.3479,2.12628
-8.792,41.5028,2.16799
-8.79,34.2073,2.20958
-8.788,29.262,2.25104
-8.786,25.6886,2.29238
-8.784,22.9856,2.33359
-8.782,20.8693,2.37467
-8.78,19.1672,2.41562
-8.778,17.7684,2.45644
-8.776,16.5985,2.49712
-8.774,15.6054,2.53766
-8.772,14.7518,2.57806
-8.77,14.0101,2.61832
-8.768,13.3597,2.65844
-8.766,12.7845,2.6984
-8.764,12.2724,2.73822
-8.762,11.8132,2.77789
-8.76,11.3993,2.81741
-8.758,11.0242,2.85677
-8.756,10.6827,2.89597
-8.754,10.3704,2.93502
-8.752,10.0837,2.9739
-8.75,9.81957,3.01263
-8.748,9.5754,3.05119
-8.746,9.349,3.08958
-8.744,9.13849,3.1278
-8.742,8.94222,3.16586
-8.74,8.75878,3.20374
-8.738,8.58695,3.24145
-8.736,8.42563,3.27899
-8.734,8.27388,3.31635
-8.732,8.13086,3.35353
-8.73,7.99582,3.39053
-8.728,7.86811,3.42735
-8.726,7.74713,3.46398
-8.724,7.63236,3.50043
-8.722,7.52331,3.5367
-8.72,7.41956,3.57277
-8.718,7.32073,3.60866
-8.716,7.22646,3.64436
-8.714,7.13644,3.67986
-8.712,7.05038,3.71518
-8.71,6.96801,3.75029
-8.708,6.8891,3.78521
-8.706,6.81343,3.81993
-8.704,6.74079,3.85446
-8.702,6.67101,3.88878
-8.7,6.6039,3.9229
-8.698,6.53931,3.95682
-8.696,6.4771,3.99054
-8.694,6.41713,4.02405
-8.692,6.35928,4.05735
-8.69,6.30344,4.09045
-8.688,6.24949,4.12334
-8.686,6.19733,4.15602
-8.684,6.14688,4.18849
-8.682,6.09805,4.22075
-8.68,6.05075,4.2528
-8.678,6.00491,4.28463
-8.676,5.96046,4.31625
-8.674,5.91734,4.34765
-8.672,5.87548,4.37884
-8.67,5.83482,4.40982
-8.668,5.79531,4.44057
-8.666,5.7569,4.47111
-8.664,5.71954,4.50143
-8.662,5.68318,4.53153
-8.66,5.64778,4.56141
-8.658,5.6133,4.59106
-8.656,5.57971,4.6205
-8.654,5.54695,4.64972
-8.652,5.51501,4.67871
-8.65,5.48385,4.70748
-8.648,5.45343,4.73603
-8.646,5.42374,4.76435
-8.644,5.39473,4.79245
-8.642,5.36638,4.82032
-8.64,5.33868,4.84797
-8.638,5.31159,4.87539
-8.636,5.2851,4.90259
-8.634,5.25917,4.92956
-8.632,5.2338,4.95631
-8.63,5.20895,4.98283
-8.628,5.18462,5.00912
-8.626,5.16079,5.03518
-8.624,5.13743,5.06102
-8.622,5.11453,5.08662
-8.62,5.09208,5.11201
-8.618,5.07006,5.13716
-8.616,5.04846,5.16208
-8.614,5.02726,5.18678
-8.612,5.00645,5.21125
-8.61,4.98602,5.23549
-8.608,4.96595,5.25951
-8.606,4.94624,5.28329
-8.604,4.92687,5.30685
-8.602,4.90784,5.33018
-8.6,4.88913,5.35328
-8.598,4.87073,5.37615
-8.596,4.85264,5.3988
-8.594,4.83484,5.42122
-8.592,4.81732,5.44341
-8.59,4.80009,5.46537
-8.588,4.78312,5.48711
-8.586,4.76642,5.50862
-8.584,4.74997,5.5299
-8.582,4.73377,5.55096
-8.58,4.71781,5.57179
-8.578,4.70208,5.59239
-8.576,4.68658,5.61277
-8.574,4.6713,5.63292
-8.572,4.65624,5.65285
-8.57,4.64139,5.67256
-8.568,4.62674,5.69204
-8.566,4.61229,5.7113
-8.564,4.59803,5.73033
-8.562,4.58397,5.74914
-8.56,4.57008,5.76773
-8.558,4.55638,5.78609
-8.556,4.54285,5.80423
-8.554,4.52948,5.82216
-8.552,4.51629,5.83986
-8.55,4.50326,5.85734
-8.548,4.49038,5.8746
-8.546,4.47766,5.89164
-8.544,4.46508,5.90846
-8.542,4.45266,5.92506
-8.54,4.44038,5.94145
-8.538,4.42823,5.95762
-8.536,4.41622,5.97357
-8.534,4.40435,5.9893
-8.532,4.3926,6.00482
-8.53,4.38098,6.02012
-8.528,4.36949,6.03521
-8.526,4.35812,6.05009
-8.524,4.34686,6.06475
-8.522,4.33572,6.07919
-8.52,4.32469,6.09343
-8.518,4.31377,6.10745
-8.516,4.30296,6.12126
-8.514,4.29226,6.13487
-8.512,4.28166,6.14826
-8.51,4.27116,6.16144
-8.508,4.26075,6.17441
-8.506,4.25045,6.18718
-8.504,4.24024,6.19973
-8.502,4.23012,6.21209
-8.5,4.22009,6.22423
-8.498,4.21014,6.23617
-8.496,4.20029,6.2479
-8.494,4.19052,6.25943
-8.492,4.18083,6.27076
-8.49,4.17122,6.28188
-8.488,4.16169,6.2928
-8.486,4.15224,6.30352
-8.484,4.14287,6.31403
-8.482,4.13356,6.32435
-8.48,4.12434,6.33446
-8.478,4.11518,6.34438
-8.476,4.10609,6.3541
-8.474,4.09707,6.36362
-8.472,4.08812,6.37294
-8.47,4.07923,6.38207
-8.468,4.07041,6.391
-8.466,4.06165,6.39973
-8.464,4.05295,6.40827
-8.462,4.04431,6.41662
-8.46,4.03573,6.42477
-8.458,4.02721,6.43273
-8.456,4.01874,6.4405
-8.454,4.01034,6.44807
-8.452,4.00198,6.45546
-8.45,3.99368,6.46265
-8.448,3.98543,6.46965
-8.446,3.97723,6.47647
-8.444,3.96908,6.4831
-8.442,3.96098,6.48953
-8.44,3.95293,6.49579
-8.438,3.94492,6.50185
-8.436,3.93696,6.50773
-8.434,3.92905,6.51342
-8.432,3.92118,6.51893
-8.43,3.91335,6.52425
-8.428,3.90557,6.52939
-8.426,3.89783,6.53435
-8.424,3.89013,6.53913
-8.422,3.88247,6.54372
-8.42,3.87484,6.54813
-8.418,3.86726,6.55236
-8.416,3.85971,6.55641
-8.414,3.8522,6.56028
-8.412,3.84473,6.56397
-8.41,3.83729,6.56748
-8.408,3.82989,6.57082
-8.406,3.82252,6.57397
-8.404,3.81518,6.57695
-8.402,3.80788,6.57976
-8.4,3.80061,6.58238
-8.398,3.79337,6.58484
-8.396,3.78616,6.58711
-8.394,3.77897,6.58921
-8.392,3.77182,6.59114
-8.39,3.7647,6.5929
-8.388,3.7576,6.59448
-8.386,3.75054,6.59589
-8.384,3.7435,6.59713
-8.382,3.73648,6.5982
-8.38,3.72949,6.59909
-8.378,3.72253,6.59982
-8.376,3.71559,6.60037
-8.374,3.70867,6.60076
-8.372,3.70178,6.60097
-8.37,3.69491,6.60102
-8.368,3.68806,6.6009
-8.366,3.68124,6.60061
-8.364,3.67443,6.60016
-8.362,3.66765,6.59953
-8.36,3.66088,6.59875
-8.358,3.65414,6.59779
-8.356,3.64742,6.59667
-8.354,3.64071,6.59538
-8.352,3.63403,6.59393
-8.35,3.62736,6.59232
-8.348,3.62071,6.59054
-8.346,3.61407,6.5886
-8.344,3.60745,6.58649
-8.342,3.60085,6.58422
-8.34,3.59427,6.58179
-8.338,3.58769,6.57919
-8.336,3.58114,6.57644
-8.334,3.5746,6.57352
-8.332,3.56807,6.57044
-8.33,3.56156,6.56721
-8.328,3.55506,6.56381
-8.326,3.54857,6.56025
-8.324,3.54209,6.55653
-8.322,3.53563,6.55265
-8.32,3.52918,6.54861
-8.318,3.52274,6.54442
-8.316,3.51631,6.54006
-8.314,3.50989,6.53555
-8.312,3.50348,6.53088
-8.31,3.49708,6.52606
-8.308,3.49069,6.52107
-8.306,3.48431,6.51593
-8.304,3.47793,6.51063
-8.302,3.47157,6.50518
-8.3,3.46521,6.49957
-8.298,3.45887,6.4938
-8.296,3.45252,6.48788
-8.294,3.44619,6.48181
-8.292,3.43986,6.47558
-8.29,3.43354,6.46919
-8.288,3.42722,6.46265
-8.286,3.42091,6.45596
-8.284,3.41461,6.44911
-8.282,3.40831,6.44211
-8.28,3.40201,6.43496
-8.278,3.39572,6.42765
-8.276,3.38943,6.42019
-8.274,3.38315,6.41258
-8.272,3.37687,6.40481
-8.27,3.37059,6.39689
-8.268,3.36431,6.38883
-8.266,3.35804,6.38061
-8.264,3.35177,6.37224
-8.262,3.3455,6.36371
-8.26,3.33923,6.35504
-8.258,3.33296,6.34622
-8.256,3.32669,6.33724
-8.254,3.32043,6.32812
-8.252,3.31416,6.31884
-8.25,3.30789,6.30942
-8.248,3.30163,6.29984
-8.246,3.29536,6.29012
-8.244,3.28909,6.28025
-8.242,3.28282,6.27023
-8.24,3.27655,6.26006
-8.238,3.27027,6.24974
-8.236,3.26399,6.23927
-8.234,3.25772,6.22865
-8.232,3.25143,6.21789
-8.23,3.24515,6.20698
-8.228,3.23886,6.19592
-8.226,3.23256,6.18471
-8.224,3.22627,6.17336
-8.222,3.21996,6.16186
-8.22,3.21366,6.15021
-8.218,3.20734,6.13842
-8.216,3.20103,6.12648
-8.214,3.1947,6.11439
-8.212,3.18837,6.10215
-8.21,3.18204,6.08977
-8.208,3.1757,6.07725
-8.206,3.16935,6.06458
-8.204,3.16299,6.05176
-8.202,3.15663,6.0388
-8.2,3.15026,6.02569
-8.198,3.14388,6.01244
-8.196,3.13749,5.99904
-8.194,3.13109,5.9855
-8.192,3.12468,5.97182
-8.19,3.11827,5.95799
-8.188,3.11184,5.94401
-8.186,3.10541,5.92989
-8.184,3.09896,5.91563
-8.182,3.0925,5.90122
-8.18,3.08604,5.88667
-8.178,3.07956,5.87198
-8.176,3.07307,5.85715
-8.174,3.06656,5.84217
-8.172,3.06005,5.82704
-8.17,3.05352,5.81178
-8.168,3.04698,5.79637
-8.166,3.04043,5.78082
-8.164,3.03386,5.76513
-8.162,3.02728,5.7493
-8.16,3.02068,5.73332
-8.158,3.01407,5.71721
-8.156,3.00745,5.70095
-8.154,3.0008,5.68455
-8.152,2.99415,5.668
-8.15,2.98748,5.65132
-8.148,2.98079,5.6345
-8.146,2.97408,5.61753
-8.144,2.96736,5.60043
-8.142,2.96062,5.58318
-8.14,2.95386,5.5658
-8.138,2.94709,5.54827
-8.136,2.94029,5.53061
-8.134,2.93348,5.5128
-8.132,2.92665,5.49486
-8.13,2.91979,5.47678
-8.128,2.91292,5.45855
-8.126,2.90603,5.44019
-8.124,2.89911,5.42169
-8.122,2.89218,5.40305
-8.12,2.88522,5.38427
-8.118,2.87824,5.36536
-8.116,2.87124,5.3463
-8.114,2.86422,5.32711
-8.112,2.85717,5.30778
-8.11,2.8501,5.28831
-8.108,2.84301,5.26871
-8.106,2.83589,5.24897
-8.104,2.82874,5.22909
-8.102,2.82157,5.20907
-8.1,2.81438,5.18892
-8.098,2.80715,5.16863
-8.096,2.7999,5.14821
-8.094,2.79263,5.12765
-8.092,2.78532,5.10695
-8.09,2.77799,5.08612
-8.088,2.77063,5.06515
-8.086,2.76324,5.04405
-8.084,2.75582,5.02281
-8.082,2.74837,5.00144
-8.08,2.74089,4.97993
-8.078,2.73338,4.95829
-8.076,2.72584,4.93652
-8.074,2.71826,4.91461
-8.072,2.71066,4.89257
-8.07,2.70302,4.87039
-8.068,2.69534,4.84808
-8.066,2.68763,4.82564
-8.064,2.67989,4.80307
-8.062,2.67211,4.78036
-8.06,2.66429,4.75752
-8.058,2.65644,4.73455
-8.056,2.64855,4.71145
-8.054,2.64062,4.68822
-8.052,2.63266,4.66485
-8.05,2.62466,4.64136
-8.048,2.61661,4.61773
-8.046,2.60853,4.59398
-8.044,2.6004,4.57009
-8.042,2.59223,4.54608
-8.04,2.58403,4.52193
-8.038,2.57577,4.49766
-8.036,2.56748,4.47325
-8.034,2.55914,4.44872
-8.032,2.55075,4.42406
-8.03,2.54232,4.39927
-8.028,2.53384,4.37436
-8.026,2.52532,4.34932
-8.024,2.51675,4.32415
-8.022,2.50812,4.29885
-8.02,2.49945,4.27343
-8.018,2.49073,4.24788
-8.016,2.48196,4.22221
-8.014,2.47313,4.19641
-8.012,2.46426,4.17048
-8.01,2.45533,4.14443
-8.008,2.44634,4.11826
-8.006,2.4373,4.09196
-8.004,2.4282,4.06554
-8.002,2.41905,4.039
-8,2.40983,4.01233
-7.998,2.40056,3.98554
-7.996,2.39123,3.95863
-7.994,2.38183,3.93159
-7.992,2.37238,3.90444
-7.99,2.36286,3.87716
-7.988,2.35327,3.84977
-7.986,2.34362,3.82225
-7.984,2.33391,3.79462
-7.982,2.32413,3.76686
-7.98,2.31428,3.73899
-7.978,2.30435,3.71099
-7.976,2.29436,3.68288
-7.974,2.2843,3.65466
-7.972,2.27416,3.62631
-7.97,2.26395,3.59785
-7.968,2.25366,3.56927
-7.966,2.24329,3.54058
-7.964,2.23285,3.51177
-7.962,2.22233,3.48285
-7.96,2.21172,3.45381
-7.958,2.20103,3.42466
-7.956,2.19026,3.3954
-7.954,2.1794,3.36602
-7.952,2.16846,3.33653
-7.95,2.15743,3.30693
-7.948,2.1463,3.27722
-7.946,2.13509,3.24739
-7.944,2.12378,3.21746
-7.942,2.11237,3.18742
-7.94,2.10087,3.15727
-7.938,2.08927,3.12701
-7.936,2.07757,3.09664
-7.934,2.06577,3.06616
-7.932,2.05387,3.03558
-7.93,2.04185,3.00489
-7.928,2.02973,2.9741
-7.926,2.0175,2.9432
-7.924,2.00516,2.91219
-7.922,1.99271,2.88109
-7.92,1.98014,2.84988
-7.918,1.96744,2.81856
-7.916,1.95463,2.78715
-7.914,1.9417,2.75563
-7.912,1.92864,2.72402
-7.91,1.91545,2.6923
-7.908,1.90213,2.66048
-7.906,1.88868,2.62857
-7.904,1.8751,2.59656
-7.902,1.86137,2.56445
-7.9,1.84751,2.53224
-7.898,1.8335,2.49994
-7.896,1.81934,2.46754
-7.894,1.80504,2.43505
-7.892,1.79058,2.40247
-7.89,1.77597,2.36979
-7.888,1.7612,2.33702
-7.886,1.74626,2.30416
-7.884,1.73116,2.2712
-7.882,1.71589,2.23816
-7.88,1.70045,2.20503
-7.878,1.68483,2.17181
-7.876,1.66903,2.1385
-7.874,1.65305,2.10511
-7.872,1.63688,2.07163
-7.87,1.62052,2.03806
-7.868,1.60396,2.00441
-7.866,1.5872,1.97068
-7.864,1.57024,1.93686
-7.862,1.55306,1.90296
-7.86,1.53567,1.86898
-7.858,1.51807,1.83492
-7.856,1.50024,1.80078
-7.854,1.48217,1.76657
-7.852,1.46388,1.73227
-7.85,1.44534,1.6979
-7.848,1.42656,1.66346
-7.846,1.40753,1.62894
-7.844,1.38823,1.59434
-7.842,1.36868,1.55967
-7.84,1.34885,1.52493
-7.838,1.32875,1.49012
-7.836,1.30836,1.45524
-7.834,1.28769,1.42029
-7.832,1.26671,1.38527
-7.83,1.24543,1.35019
-7.828,1.22383,1.31504
-7.826,1.20192,1.27982
-7.824,1.17967,1.24454
-7.822,1.15709,1.2092
-7.82,1.13416,1.17379
-7.818,1.11087,1.13832
-7.816,1.08721,1.1028
-7.814,1.06318,1.06721
-7.812,1.03877,1.03157
-7.81,1.01395,0.995869
-7.808,0.98873,0.960114
-7.806,0.96309,0.924303
-7.804,0.937018,0.888439
-7.802,0.910503,0.852523
-7.8,0.883532,0.816555
-7.798,0.856091,0.780537
-7.796,0.828167,0.74447
-7.794,0.799746,0.708355
-7.792,0.770812,0.672193
-7.79,0.741351,0.635986
-7.788,0.711346,0.599734
-7.786,0.68078,0.563439
-7.784,0.649636,0.527102
-7.782,0.617896,0.490723
-7.78,0.58554,0.454305
-7.778,0.55255,0.417849
-7.776,0.518904,0.381355
-7.774,0.48458,0.344825
-7.772,0.449558,0.30826
-7.77,0.413812,0.271662
-7.768,0.377319,0.235031
-7.766,0.340053,0.198369
-7.764,0.301986,0.161676
-7.762,0.263092,0.124956
-7.76,0.22334,0.0882076
-7.758,0.182701,0.0514334
-7.756,0.14114,0.0146344
-7.754,0.0986254,0.0221882
-7.752,0.0551208,0.059033
-7.75,0.0105889,0.0958987
-7.748,-0.0350095,0.132784
-7.746,-0.0817156,0.169688
-7.744,-0.129573,0.206608
-7.742,-0.178627,0.243544
-7.74,-0.228926,0.280495
-7.738,-0.280521,0.317458
-7.736,-0.333465,0.354433
-7.734,-0.387815,0.391418
-7.732,-0.443631,0.428412
-7.73,-0.500976,0.465414
-7.728,-0.559916,0.502422
-7.726,-0.620523,0.539434
-7.724,-0.682872,0.57645
-7.722,-0.747042,0.613467
-7.72,-0.813118,0.650485
-7.718,-0.88119,0.687503
-7.716,-0.951353,0.724518
-7.714,-1.02371,0.761529
-7.712,-1.09837,0.798535
-7.71,-1.17545,0.835534
-7.708,-1.25506,0.872526
-7.706,-1.33736,0.909508
-7.704,-1.42247,0.946479
-7.702,-1.51054,0.983438
-7.7,-1.60175,1.02038
-7.698,-1.69626,1.05731
-7.696,-1.79427,1.09423
-7.694,-1.89598,1.13112
-7.692,-2.0016,1.168
-7.69,-2.11138,1.20485
-7.688,-2.22557,1.24168
-7.686,-2.34445,1.27849
-7.684,-2.46831,1.31527
-7.682,-2.5975,1.35203
-7.68,-2.73236,1.38875
-7.678,-2.8733,1.42545
-7.676,-3.02072,1.46211
-7.674,-3.17511,1.49874
-7.672,-3.33698,1.53534
-7.67,-3.50689,1.5719
-7.668,-3.68548,1.60843
-7.666,-3.87342,1.64491
-7.664,-4.07149,1.68136
-7.662,-4.28055,1.71776
-7.66,-4.50154,1.75412
-7.658,-4.73554,1.79043
-7.656,-4.98373,1.8267
-7.654,-5.24747,1.86291
-7.652,-5.52828,1.89908
-7.65,-5.82789,1.9352
-7.648,-6.14828,1.97127
-7.646,-6.4917,2.00728
-7.644,-6.86075,2.04323
-7.642,-7.25844,2.07913
-7.64,-7.68826,2.11497
-7.638,-8.1543,2.15075
-7.636,-8.66136,2.18647
-7.634,-9.21516,2.22212
-7.632,-9.82248,2.25771
-7.63,-10.4915,2.29323
-7.628,-11.2323,2.32869
-7.626,-12.057,2.36407
-7.624,-12.9807,2.39939
-7.622,-14.0227,2.43463
-7.62,-15.2071,2.4698
-7.618,-16.5654,2.50489
-7.616,-18.1391,2.53991
-7.614,-19.9838,2.57485
-7.612,-22.1765,2.60971
-7.61,-24.8258,2.64449
-7.608,-28.0914,2.67918
-7.606,-32.2167,2.71379
-7.604,-37.5932,2.74832
-7.602,-44.8923,2.78275
-7.6,-55.3706,2.8171
-7.598,-71.6845,2.85136
-7.596,-100.593,2.88553
-7.594,-165.857,2.9196
-7.592,-452.28,2.95358
-7.59,-659.076,2.98746
-7.588,-193.837,3.02125
-7.586,-114.715,3.05494
-7.584,-81.9999,3.08852
-7.582,-64.1208,3.12201
-7.58,-52.8506,3.15539
-7.578,-45.0961,3.18867
-7.576,-39.4338,3.22184
-7.574,-35.1176,3.25491
-7.572,-31.7181,3.28786
-7.57,-28.9713,3.32071
-7.568,-26.7054,3.35344
-7.566,-24.8043,3.38607
-7.564,-23.1863,3.41857
-7.562,-21.7925,3.45097
-7.56,-20.5793,3.48324
-7.558,-19.5136,3.5154
-7.556,-18.57,3.54743
-7.554,-17.7286,3.57935
-7.552,-16.9736,3.61115
-7.55,-16.2924,3.64282
-7.548,-15.6745,3.67436
-7.546,-15.1115,3.70578
-7.544,-14.5964,3.73708
-7.542,-14.1233,3.76824
-7.54,-13.6872,3.79928
-7.538,-13.2839,3.83018
-7.536,-12.9098,3.86095
-7.534,-12.5619,3.89159
-7.532,-12.2375,3.92209
-7.53,-11.9342,3.95246
-7.528,-11.65,3.98269
-7.526,-11.3832,4.01278
-7.524,-11.1322,4.04273
-7.522,-10.8956,4.07255
-7.52,-10.6723,4.10222
-7.518,-10.461,4.13174
-7.516,-10.2609,4.16113
-7.514,-10.0711,4.19037
-7.512,-9.89075,4.21946
-7.51,-9.71919,4.2484
-7.508,-9.55579,4.2772
-7.506,-9.39996,4.30585
-7.504,-9.25118,4.33434
-7.502,-9.10897,4.36269
-7.5,-8.97291,4.39088
-7.498,-8.84258,4.41892
-7.496,-8.71763,4.4468
-7.494,-8.59773,4.47453
-7.492,-8.48256,4.5021
-7.49,-8.37185,4.52952
-7.488,-8.26534,4.55678
-7.486,-8.16278,4.58387
-7.484,-8.06396,4.61081
-7.482,-7.96866,4.63759
-7.48,-7.8767,4.6642
-7.478,-7.78789,4.69065
-7.476,-7.70208,4.71694
-7.474,-7.61911,4.74306
-7.472,-7.53884,4.76902
-7.47,-7.46113,4.79481
-7.468,-7.38585,4.82043
-7.466,-7.31289,4.84589
-7.464,-7.24214,4.87117
-7.462,-7.1735,4.89629
-7.46,-7.10687,4.92124
-7.458,-7.04216,4.94602
-7.456,-6.97928,4.97062
-7.454,-6.91815,4.99506
-7.452,-6.8587,5.01932
-7.45,-6.80085,5.0434
-7.448,-6.74454,5.06731
-7.446,-6.68971,5.09105
-7.444,-6.63629,5.11461
-7.442,-6.58422,5.138
-7.44,-6.53346,5.16121
-7.438,-6.48394,5.18424
-7.436,-6.43563,5.20709
-7.434,-6.38848,5.22977
-7.432,-6.34244,5.25226
-7.43,-6.29746,5.27458
-7.428,-6.25352,5.29671
-7.426,-6.21058,5.31867
-7.424,-6.16859,5.34044
-7.422,-6.12752,5.36204
-7.42,-6.08734,5.38345
-7.418,-6.04803,5.40468
-7.416,-6.00954,5.42572
-7.414,-5.97185,5.44659
-7.412,-5.93494,5.46727
-7.41,-5.89878,5.48776
-7.408,-5.86335,5.50807
-7.406,-5.82861,5.5282
-7.404,-5.79455,5.54814
-7.402,-5.76115,5.5679
-7.4,-5.72838,5.58747
-7.398,-5.69623,5.60685
-7.396,-5.66467,5.62605
-7.394,-5.63369,5.64507
-7.392,-5.60328,5.66389
-7.39,-5.5734,5.68253
-7.388,-5.54406,5.70098
-7.386,-5.51522,5.71925
-7.384,-5.48688,5.73732
-7.382,-5.45903,5.75521
-7.38,-5.43164,5.77292
-7.378,-5.40471,5.79043
-7.376,-5.37822,5.80775
-7.374,-5.35216,5.82489
-7.372,-5.32652,5.84184
-7.37,-5.30129,5.8586
-7.368,-5.27645,5.87518
-7.366,-5.25199,5.89156
-7.364,-5.22791,5.90776
-7.362,-5.2042,5.92376
-7.36,-5.18084,5.93958
-7.358,-5.15782,5.95521
-7.356,-5.13515,5.97065
-7.354,-5.1128,5.98591
-7.352,-5.09077,6.00097
-7.35,-5.06905,6.01585
-7.348,-5.04763,6.03053
-7.346,-5.02651,6.04503
-7.344,-5.00568,6.05934
-7.342,-4.98513,6.07347
-7.34,-4.96486,6.0874
-7.338,-4.94486,6.10115
-7.336,-4.92511,6.11471
-7.334,-4.90562,6.12808
-7.332,-4.88638,6.14126
-7.33,-4.86739,6.15426
-7.328,-4.84863,6.16707
-7.326,-4.83011,6.17969
-7.324,-4.81181,6.19213
-7.322,-4.79373,6.20437
-7.32,-4.77587,6.21644
-7.318,-4.75823,6.22831
-7.316,-4.74079,6.24
-7.314,-4.72355,6.25151
-7.312,-4.70651,6.26283
-7.31,-4.68966,6.27396
-7.308,-4.673,6.28491
-7.306,-4.65653,6.29567
-7.304,-4.64024,6.30626
-7.302,-4.62413,6.31665
-7.3,-4.60819,6.32686
-7.298,-4.59242,6.33689
-7.296,-4.57682,6.34674
-7.294,-4.56138,6.3564
-7.292,-4.54609,6.36589
-7.29,-4.53097,6.37518
-7.288,-4.516,6.3843
-7.286,-4.50117,6.39324
-7.284,-4.4865,6.40199
-7.282,-4.47197,6.41057
-7.28,-4.45757,6.41897
-7.278,-4.44332,6.42718
-7.276,-4.4292,6.43522
-7.274,-4.41521,6.44308
-7.272,-4.40136,6.45075
-7.27,-4.38763,6.45826
-7.268,-4.37402,6.46558
-7.266,-4.36054,6.47273
-7.264,-4.34718,6.4797
-7.262,-4.33393,6.48649
-7.26,-4.3208,6.49311
-7.258,-4.30779,6.49955
-7.256,-4.29488,6.50582
-7.254,-4.28209,6.51191
-7.252,-4.2694,6.51783
-7.25,-4.25681,6.52358
-7.248,-4.24433,6.52916
-7.246,-4.23195,6.53456
-7.244,-4.21966,6.53979
-7.242,-4.20748,6.54485
-7.24,-4.19539,6.54973
-7.238,-4.18339,6.55445
-7.236,-4.17149,6.559
-7.234,-4.15967,6.56338
-7.232,-4.14795,6.56759
-7.23,-4.13631,6.57163
-7.228,-4.12475,6.57551
-7.226,-4.11328,6.57921
-7.224,-4.10189,6.58276
-7.222,-4.09059,6.58613
-7.22,-4.07936,6.58934
-7.218,-4.06821,6.59238
-7.216,-4.05713,6.59526
-7.214,-4.04613,6.59798
-7.212,-4.03521,6.60054
-7.21,-4.02436,6.60293
-7.208,-4.01358,6.60516
-7.206,-4.00286,6.60722
-7.204,-3.99222,6.60913
-7.202,-3.98165,6.61088
-7.2,-3.97114,6.61246
-7.198,-3.96069,6.61389
-7.196,-3.95031,6.61516
-7.194,-3.94,6.61627
-7.192,-3.92974,6.61722
-7.19,-3.91955,6.61802
-7.188,-3.90941,6.61866
-7.186,-3.89934,6.61914
-7.184,-3.88932,6.61947
-7.182,-3.87935,6.61965
-7.18,-3.86945,6.61967
-7.178,-3.8596,6.61953
-7.176,-3.8498,6.61925
-7.174,-3.84005,6.61881
-7.172,-3.83036,6.61822
-7.17,-3.82072,6.61748
-7.168,-3.81112,6.61659
-7.166,-3.80158,6.61555
-7.164,-3.79209,6.61436
-7.162,-3.78264,6.61302
-7.16,-3.77324,6.61153
-7.158,-3.76388,6.6099
-7.156,-3.75457,6.60811
-7.154,-3.74531,6.60619
-7.152,-3.73609,6.60411
-7.15,-3.72691,6.60189
-7.148,-3.71777,6.59953
-7.146,-3.70867,6.59702
-7.144,-3.69962,6.59437
-7.142,-3.6906,6.59157
-7.14,-3.68163,6.58864
-7.138,-3.67269,6.58556
-7.136,-3.66379,6.58234
-7.134,-3.65493,6.57898
-7.132,-3.6461,6.57548
-7.13,-3.63731,6.57184
-7.128,-3.62856,6.56806
-7.126,-3.61984,6.56414
-7.124,-3.61115,6.56008
-7.122,-3.6025,6.55589
-7.12,-3.59388,6.55156
-7.118,-3.58529,6.54709
-7.116,-3.57673,6.54249
-7.114,-3.56821,6.53775
-7.112,-3.55971,6.53288
-7.11,-3.55125,6.52787
-7.108,-3.54281,6.52273
-7.106,-3.53441,6.51746
-7.104,-3.52603,6.51205
-7.102,-3.51768,6.50652
-7.1,-3.50935,6.50085
-7.098,-3.50106,6.49505
-7.096,-3.49278,6.48912
-7.094,-3.48454,6.48306
-7.092,-3.47632,6.47687
-7.09,-3.46812,6.47055
-7.088,-3.45995,6.4641
-7.086,-3.45181,6.45752
-7.084,-3.44368,6.45082
-7.082,-3.43558,6.44399
-7.08,-3.4275,6.43704
-7.078,-3.41945,6.42995
-7.076,-3.41141,6.42275
-7.074,-3.4034,6.41542
-7.072,-3.3954,6.40796
-7.07,-3.38743,6.40038
-7.068,-3.37947,6.39267
-7.066,-3.37154,6.38485
-7.064,-3.36362,6.3769
-7.062,-3.35573,6.36883
-7.06,-3.34785,6.36063
-7.058,-3.33999,6.35232
-7.056,-3.33214,6.34388
-7.054,-3.32431,6.33533
-7.052,-3.3165,6.32665
-7.05,-3.30871,6.31786
-7.048,-3.30093,6.30894
-7.046,-3.29316,6.29991
-7.044,-3.28541,6.29076
-7.042,-3.27768,6.28149
-7.04,-3.26996,6.2721
-7.038,-3.26225,6.2626
-7.036,-3.25456,6.25298
-7.034,-3.24688,6.24325
-7.032,-3.23921,6.2334
-7.03,-3.23155,6.22343
-7.028,-3.22391,6.21335
-7.026,-3.21628,6.20316
-7.024,-3.20866,6.19285
-7.022,-3.20105,6.18243
-7.02,-3.19345,6.17189
-7.018,-3.18586,6.16124
-7.016,-3.17828,6.15048
-7.014,-3.17071,6.13961
-7.012,-3.16315,6.12863
-7.01,-3.1556,6.11753
-7.008,-3.14806,6.10633
-7.006,-3.14053,6.09501
-7.004,-3.133,6.08358
-7.002,-3.12548,6.07205
-7,-3.11797,6.0604
-6.998,-3.11046,6.04864
-6.996,-3.10297,6.03678
-6.994,-3.09548,6.02481
-6.992,-3.08799,6.01273
-6.99,-3.08051,6.00054
-6.988,-3.07304,5.98824
-6.986,-3.06557,5.97584
-6.984,-3.0581,5.96333
-6.982,-3.05064,5.95072
-6.98,-3.04319,5.93799
-6.978,-3.03573,5.92517
-6.976,-3.02829,5.91223
-6.974,-3.02084,5.89919
-6.972,-3.0134,5.88605
-6.97,-3.00596,5.8728
-6.968,-2.99852,5.85945
-6.966,-2.99109,5.846
-6.964,-2.98366,5.83244
-6.962,-2.97622,5.81878
-6.96,-2.96879,5.80501
-6.958,-2.96136,5.79114
-6.956,-2.95394,5.77717
-6.954,-2.94651,5.7631
-6.952,-2.93908,5.74893
-6.95,-2.93165,5.73465
-6.948,-2.92422,5.72027
-6.946,-2.91679,5.7058
-6.944,-2.90936,5.69122
-6.942,-2.90193,5.67654
-6.94,-2.89449,5.66176
-6.938,-2.88706,5.64688
-6.936,-2.87962,5.6319
-6.934,-2.87218,5.61682
-6.932,-2.86473,5.60164
-6.93,-2.85729,5.58637
-6.928,-2.84984,5.57099
-6.926,-2.84238,5.55552
-6.924,-2.83492,5.53995
-6.922,-2.82746,5.52428
-6.92,-2.81999,5.50851
-6.918,-2.81252,5.49265
-6.916,-2.80504,5.47669
-6.914,-2.79756,5.46063
-6.912,-2.79007,5.44447
-6.91,-2.78258,5.42822
-6.908,-2.77508,5.41187
-6.906,-2.76757,5.39543
-6.904,-2.76006,5.37889
-6.902,-2.75254,5.36225
-6.9,-2.74501,5.34552
-6.898,-2.73747,5.3287
-6.896,-2.72993,5.31178
-6.894,-2.72238,5.29476
-6.892,-2.71482,5.27765
-6.89,-2.70724,5.26045
-6.888,-2.69967,5.24315
-6.886,-2.69208,5.22576
-6.884,-2.68448,5.20828
-6.882,-2.67687,5.1907
-6.88,-2.66925,5.17303
-6.878,-2.66162,5.15526
-6.876,-2.65398,5.1374
-6.874,-2.64633,5.11945
-6.872,-2.63866,5.10141
-6.87,-2.63099,5.08328
-6.868,-2.6233,5.06505
-6.866,-2.6156,5.04673
-6.864,-2.60788,5.02832
-6.862,-2.60016,5.00982
-6.86,-2.59242,4.99123
-6.858,-2.58466,4.97255
-6.856,-2.57689,4.95377
-6.854,-2.56911,4.93491
-6.852,-2.56131,4.91596
-6.85,-2.5535,4.89691
-6.848,-2.54567,4.87778
-6.846,-2.53783,4.85855
-6.844,-2.52997,4.83924
-6.842,-2.52209,4.81983
-6.84,-2.5142,4.80034
-6.838,-2.50629,4.78076
-6.836,-2.49836,4.76109
-6.834,-2.49042,4.74133
-6.832,-2.48245,4.72148
-6.83,-2.47447,4.70155
-6.828,-2.46647,4.68152
-6.826,-2.45845,4.66141
-6.824,-2.45041,4.64121
-6.822,-2.44235,4.62092
-6.82,-2.43427,4.60055
-6.818,-2.42617,4.58009
-6.816,-2.41805,4.55954
-6.814,-2.4099,4.5389
-6.812,-2.40174,4.51818
-6.81,-2.39355,4.49737
-6.808,-2.38534,4.47648
-6.806,-2.37711,4.4555
-6.804,-2.36886,4.43443
-6.802,-2.36058,4.41328
-6.8,-2.35227,4.39204
-6.798,-2.34395,4.37072
-6.796,-2.33559,4.34931
-6.794,-2.32722,4.32782
-6.792,-2.31881,4.30624
-6.79,-2.31038,4.28458
-6.788,-2.30193,4.26283
-6.786,-2.29345,4.241
-6.784,-2.28494,4.21909
-6.782,-2.2764,4.19709
-6.78,-2.26783,4.17501
-6.778,-2.25924,4.15284
-6.776,-2.25061,4.13059
-6.774,-2.24196,4.10826
-6.772,-2.23328,4.08585
-6.77,-2.22456,4.06335
-6.768,-2.21582,4.04077
-6.766,-2.20704,4.01811
-6.764,-2.19823,3.99537
-6.762,-2.18939,3.97255
-6.76,-2.18052,3.94964
-6.758,-2.17161,3.92665
-6.756,-2.16267,3.90358
-6.754,-2.15369,3.88043
-6.752,-2.14468,3.8572
-6.75,-2.13564,3.83389
-6.748,-2.12656,3.8105
-6.746,-2.11744,3.78703
-6.744,-2.10828,3.76348
-6.742,-2.09909,3.73985
-6.74,-2.08986,3.71614
-6.738,-2.08059,3.69235
-6.736,-2.07128,3.66848
-6.734,-2.06194,3.64453
-6.732,-2.05255,3.62051
-6.73,-2.04312,3.5964
-6.728,-2.03365,3.57222
-6.726,-2.02413,3.54796
-6.724,-2.01458,3.52362
-6.722,-2.00498,3.49921
-6.72,-1.99533,3.47472
-6.718,-1.98565,3.45015
-6.716,-1.97591,3.4255
-6.714,-1.96613,3.40078
-6.712,-1.95631,3.37598
-6.71,-1.94643,3.35111
-6.708,-1.93651,3.32616
-6.706,-1.92654,3.30113
-6.704,-1.91652,3.27603
-6.702,-1.90645,3.25086
-6.7,-1.89633,3.22561
-6.698,-1.88616,3.20028
-6.696,-1.87593,3.17488
-6.694,-1.86565,3.14941
-6.692,-1.85532,3.12386
-6.69,-1.84493,3.09825
-6.688,-1.83449,3.07255
-6.686,-1.82399,3.04679
-6.684,-1.81344,3.02095
-6.682,-1.80282,2.99504
-6.68,-1.79215,2.96906
-6.678,-1.78142,2.94301
-6.676,-1.77062,2.91688
-6.674,-1.75977,2.89068
-6.672,-1.74885,2.86442
-6.67,-1.73787,2.83808
-6.668,-1.72683,2.81167
-6.666,-1.71572,2.7852
-6.664,-1.70454,2.75865
-6.662,-1.6933,2.73203
-6.66,-1.68199,2.70535
-6.658,-1.67061,2.6786
-6.656,-1.65915,2.65178
-6.654,-1.64763,2.62489
-6.652,-1.63604,2.59793
-6.65,-1.62437,2.5709
-6.648,-1.61263,2.54381
-6.646,-1.60081,2.51666
-6.644,-1.58891,2.48943
-6.642,-1.57694,2.46214
-6.64,-1.56489,2.43479
-6.638,-1.55276,2.40737
-6.636,-1.54054,2.37988
-6.634,-1.52824,2.35233
-6.632,-1.51586,2.32472
-6.63,-1.5034,2.29704
-6.628,-1.49084,2.2693
-6.626,-1.4782,2.24149
-6.624,-1.46547,2.21362
-6.622,-1.45264,2.18569
-6.62,-1.43973,2.1577
-6.618,-1.42672,2.12965
-6.616,-1.41361,2.10154
-6.614,-1.40041,2.07336
-6.612,-1.38711,2.04513
-6.61,-1.37371,2.01683
-6.608,-1.36021,1.98848
-6.606,-1.34661,1.96006
-6.604,-1.33289,1.93159
-6.602,-1.31908,1.90306
-6.6,-1.30515,1.87447
-6.598,-1.29112,1.84583
-6.596,-1.27697,1.81712
-6.594,-1.26271,1.78836
-6.592,-1.24833,1.75955
-6.59,-1.23383,1.73068
-6.588,-1.21922,1.70175
-6.586,-1.20448,1.67277
-6.584,-1.18962,1.64374
-6.582,-1.17463,1.61465
-6.58,-1.15952,1.5855
-6.578,-1.14427,1.55631
-6.576,-1.12889,1.52706
-6.574,-1.11338,1.49776
-6.572,-1.09773,1.46841
-6.57,-1.08194,1.43901
-6.568,-1.06601,1.40955
-6.566,-1.04993,1.38005
-6.564,-1.03371,1.3505
-6.562,-1.01733,1.3209
-6.56,-1.00081,1.29125
-6.558,-0.984128,1.26155
-6.556,-0.967289,1.2318
-6.554,-0.950289,1.20201
-6.552,-0.933125,1.17217
-6.55,-0.915794,1.14229
-6.548,-0.898293,1.11236
-6.546,-0.88062,1.08238
-6.544,-0.862769,1.05236
-6.542,-0.84474,1.0223
-6.54,-0.826527,0.992193
-6.538,-0.808127,0.962044
-6.536,-0.789538,0.931854
-6.534,-0.770755,0.901621
-6.532,-0.751774,0.871348
-6.53,-0.732591,0.841034
-6.528,-0.713204,0.810681
-6.526,-0.693607,0.780288
-6.524,-0.673797,0.749857
-6.522,-0.653769,0.719387
-6.52,-0.633518,0.688881
-6.518,-0.613042,0.658337
-6.516,-0.592334,0.627757
-6.514,-0.57139,0.597142
-6.512,-0.550205,0.566492
-6.51,-0.528774,0.535807
-6.508,-0.507093,0.505088
-6.506,-0.485156,0.474337
-6.504,-0.462957,0.443553
-6.502,-0.440491,0.412737
-6.5,-0.417752,0.38189
-6.498,-0.394734,0.351012
-6.496,-0.371432,0.320105
-6.494,-0.347839,0.289168
-6.492,-0.323949,0.258203
-6.49,-0.299754,0.22721
-6.488,-0.27525,0.196189
-6.486,-0.250427,0.165142
-6.484,-0.22528,0.13407
-6.482,-0.1998,0.102972
-6.48,-0.173981,0.0718491
-6.478,-0.147814,0.0407027
-6.476,-0.121292,0.00953328
-6.474,-0.094405,0.0216586
-6.472,-0.0671457,0.0528721
-6.47,-0.0395049,0.0841067
-6.468,-0.0114734,0.115361
-6.466,0.0169582,0.146636
-6.464,0.0457996,0.177929
-6.462,0.075061,0.20924
-6.46,0.104753,0.240569
-6.458,0.134885,0.271914
-6.456,0.16547,0.303275
-6.454,0.196519,0.334652
-6.452,0.228043,0.366042
-6.45,0.260054,0.397447
-6.448,0.292566,0.428864
-6.446,0.325592,0.460293
-6.444,0.359145,0.491734
-6.442,0.393238,0.523185
-6.44,0.427888,0.554646
-6.438,0.463108,0.586116
-6.436,0.498915,0.617594
-6.434,0.535325,0.649079
-6.432,0.572354,0.680572
-6.43,0.610019,0.71207
-6.428,0.64834,0.743573
-6.426,0.687335,0.77508
-6.424,0.727023,0.806591
-6.422,0.767425,0.838104
-6.42,0.808561,0.86962
-6.418,0.850454,0.901136
-6.416,0.893126,0.932652
-6.414,0.936601,0.964168
-6.412,0.980904,0.995682
-6.41,1.02606,1.02719
-6.408,1.0721,1.0587
-6.406,1.11904,1.09021
-6.404,1.16692,1.12171
-6.402,1.21577,1.1532
-6.4,1.26562,1.18469
-6.398,1.3165,1.21617
-6.396,1.36844,1.24764
-6.394,1.42149,1.2791
-6.392,1.47568,1.31055
-6.39,1.53105,1.342
-6.388,1.58764,1.37343
-6.386,1.6455,1.40484
-6.384,1.70466,1.43625
-6.382,1.76518,1.46764
-6.38,1.82711,1.49901
-6.378,1.8905,1.53037
-6.376,1.9554,1.56171
-6.374,2.02187,1.59303
-6.372,2.08997,1.62433
-6.37,2.15977,1.65562
-6.368,2.23134,1.68688
-6.366,2.30473,1.71812
-6.364,2.38004,1.74934
-6.362,2.45733,1.78054
-6.36,2.53669,1.81171
-6.358,2.61821,1.84286
-6.356,2.70198,1.87398
-6.354,2.7881,1.90507
-6.352,2.87666,1.93614
-6.35,2.9678,1.96717
-6.348,3.06161,1.99818
-6.346,3.15822,2.02915
-6.344,3.25777,2.0601
-6.342,3.36039,2.09101
-6.34,3.46624,2.12189
-6.338,3.57547,2.15273
-6.336,3.68826,2.18354
-6.334,3.80477,2.21431
-6.332,3.92522,2.24504
-6.33,4.0498,2.27574
-6.328,4.17873,2.3064
-6.326,4.31227,2.33701
-6.324,4.45065,2.36759
-6.322,4.59416,2.39812
-6.32,4.7431,2.42861
-6.318,4.89778,2.45906
-6.316,5.05855,2.48946
-6.314,5.22578,2.51982
-6.312,5.39988,2.55013
-6.31,5.58129,2.58039
-6.308,5.77049,2.6106
-6.306,5.968,2.64076
-6.304,6.17438,2.67088
-6.302,6.39026,2.70094
-6.3,6.61633,2.73095
-6.298,6.85332,2.7609
-6.296,7.10206,2.7908
-6.294,7.36346,2.82065
-6.292,7.63853,2.85044
-6.29,7.92836,2.88017
-6.288,8.23422,2.90984
-6.286,8.55746,2.93945
-6.284,8.89963,2.96901
-6.282,9.26247,2.9985
-6.28,9.64791,3.02793
-6.278,10.0582,3.0573
-6.276,10.4957,3.0866
-6.274,10.9634,3.11584
-6.272,11.4645,3.14502
-6.27,12.0028,3.17412
-6.268,12.5824,3.20316
-6.266,13.2085,3.23213
-6.264,13.8869,3.26103
-6.262,14.6245,3.28986
-6.26,15.4293,3.31862
-6.258,16.3111,3.3473
-6.256,17.2815,3.37591
-6.254,18.3547,3.40445
-6.252,19.5479,3.43291
-6.25,20.8824,3.4613
-6.248,22.3851,3.48961
-6.246,24.0901,3.51784
-6.244,26.041,3.54599
-6.242,28.2955,3.57406
-6.24,30.9305,3.60206
-6.238,34.0512,3.62996
-6.236,37.806,3.65779
-6.234,42.41,3.68553
-6.232,48.1885,3.71319
-6.23,55.6568,3.74076
-6.228,65.6838,3.76825
-6.226,79.8568,3.79565
-6.224,101.419,3.82296
-6.222,138.188,3.85018
-6.22,215.019,3.87732
-6.218,475.778,3.90436
-6.216,2432.34,3.93131
-6.214,346.144,3.95816
-6.212,187.528,3.98493
-6.21,129.154,4.01159
-6.208,98.8129,4.03817
-6.206,80.2201,4.06464
-6.204,67.6585,4.09102
-6.202,58.6027,4.11731
-6.2,51.7644,4.14349
-6.198,46.4179,4.16957
-6.196,42.1227,4.19556
-6.194,38.5964,4.22144
-6.192,35.6494,4.24722
-6.19,33.1497,4.2729
-6.188,31.0024,4.29847
-6.186,29.138,4.32394
-6.184,27.5039,4.3493
-6.182,26.0598,4.37456
-6.18,24.7744,4.39971
-6.178,23.6229,4.42475
-6.176,22.5852,4.44968
-6.174,21.6454,4.47451
-6.172,20.79,4.49922
-6.17,20.0083,4.52382
-6.168,19.2909,4.54831
-6.166,18.6304,4.57269
-6.164,18.0201,4.59696
-6.162,17.4546,4.62111
-6.16,16.9289,4.64514
-6.158,16.4392,4.66906
-6.156,15.9816,4.69286
-6.154,15.5533,4.71655
-6.152,15.1514,4.74012
-6.15,14.7735,4.76357
-6.148,14.4176,4.7869
-6.146,14.0818,4.81011
-6.144,13.7644,4.8332
-6.142,13.4638,4.85616
-6.14,13.1789,4.87901
-6.138,12.9084,4.90173
-6.136,12.6511,4.92433
-6.134,12.4063,4.9468
-6.132,12.1729,4.96915
-6.13,11.9501,4.99138
-6.128,11.7373,5.01348
-6.126,11.5338,5.03545
-6.124,11.339,5.05729
-6.122,11.1523,5.079
-6.12,10.9733,5.10059
-6.118,10.8014,5.12205
-6.116,10.6362,5.14337
-6.114,10.4774,5.16457
-6.112,10.3245,5.18564
-6.11,10.1772,5.20657
-6.108,10.0353,5.22737
-6.106,9.89844,5.24804
-6.104,9.76632,5.26857
-6.102,9.63871,5.28897
-6.1,9.51538,5.30923
-6.098,9.39612,5.32936
-6.096,9.28071,5.34936
-6.094,9.16897,5.36922
-6.092,9.06073,5.38894
-6.09,8.95582,5.40852
-6.088,8.85407,5.42797
-6.086,8.75536,5.44727
-6.084,8.65953,5.46644
-6.082,8.56646,5.48547
-6.08,8.47602,5.50436
-6.078,8.38812,5.52311
-6.076,8.30262,5.54172
-6.074,8.21944,5.56018
-6.072,8.13847,5.57851
-6.07,8.05963,5.59669
-6.068,7.98283,5.61473
-6.066,7.90799,5.63263
-6.064,7.83503,5.65038
-6.062,7.76388,5.66799
-6.06,7.69446,5.68546
-6.058,7.62672,5.70278
-6.056,7.56059,5.71996
-6.054,7.49601,5.73699
-6.052,7.43291,5.75387
-6.05,7.37126,5.77061
-6.048,7.311,5.78721
-6.046,7.25208,5.80365
-6.044,7.19444,5.81995
-6.042,7.13806,5.83611
-6.04,7.08288,5.85211
-6.038,7.02886,5.86797
-6.036,6.97597,5.88368
-6.034,6.92417,5.89924
-6.032,6.87342,5.91465
-6.03,6.82369,5.92991
-6.028,6.77494,5.94502
-6.026,6.72715,5.95999
-6.024,6.68029,5.9748
-6.022,6.63432,5.98946
-6.02,6.58922,6.00398
-6.018,6.54496,6.01834
-6.016,6.50152,6.03255
-6.014,6.45887,6.04661
-6.012,6.417,6.06052
-6.01,6.37586,6.07428
-6.008,6.33546,6.08789
-6.006,6.29576,6.10134
-6.004,6.25674,6.11465
-6.002,6.21839,6.1278
