1,-2740,-656
2,-2740,-668
3,-2740,-670
4,-2740,-670
5,-2740,-662
6,-2740,-668
7,-2740,-676
8,-2740,-676
9,-2740,-676
10,-2740,-666
11,-2740,-668
12,-2740,-662
13,-2736,-668
14,-2740,-676
15,-2744,-672
16,-2752,-668
17,-2752,-672
18,-2752,-668
19,-2752,-672
20,-2760,-672
21,-2752,-668
22,-2760,-668
23,-2760,-666
24,-2764,-666
25,-2764,-668
26,-2764,-658
27,-2768,-662
28,-2768,-664
29,-2768,-658
30,-2768,-656
31,-2768,-666
32,-2768,-658
33,-2780,-658
34,-2784,-654
35,-2780,-652
36,-2784,-654
37,-2776,-650
38,-2776,-652
39,-2788,-652
40,-2788,-650
41,-2844,-654
42,-2840,-648
43,-2844,-654
44,-2844,-648
45,-2840,-652
46,-2840,-652
47,-2844,-646
48,-2844,-654
49,-2832,-658
50,-2836,-660
51,-2840,-658
52,-2836,-662
53,-2840,-662
54,-2848,-662
55,-2848,-654
56,-2852,-652
57,-2852,-662
58,-2852,-660
59,-2852,-652
60,-2852,-656
61,-2852,-654
62,-2852,-654
63,-2868,-654
64,-2868,-650
65,-2868,-648
66,-2868,-658
67,-2868,-650
68,-2872,-650
69,-2880,-654
70,-2892,-658
71,-2888,-656
72,-2892,-650
73,-2892,-652
74,-2884,-658
75,-2884,-658
76,-2888,-654
77,-2888,-656
78,-2892,-656
79,-2888,-658
80,-2888,-658
81,-2880,-652
82,-2880,-652
83,-2884,-640
84,-2880,-644
85,-2884,-648
86,-2884,-644
87,-2868,-650
88,-2880,-638
89,-2884,-644
90,-2892,-646
91,-2892,-642
92,-2892,-640
93,-2892,-638
94,-2892,-636
95,-2892,-638
96,-2892,-644
97,-2892,-644
98,-2892,-642
99,-2892,-636
100,-2892,-638
101,-2892,-640
102,-2892,-642
103,-2888,-640
104,-2892,-640
105,-2892,-644
106,-2892,-644
107,-2888,-648
108,-2892,-642
109,-2892,-640
110,-2888,-636
111,-2888,-644
112,-2892,-642
113,-2888,-644
114,-2888,-640
115,-2892,-644
116,-2892,-650
117,-2892,-644
118,-2892,-646
119,-2892,-648
120,-2892,-646
121,-2892,-646
122,-2888,-644
123,-2900,-638
124,-2916,-656
125,-2904,-634
126,-2920,-640
127,-2924,-636
128,-2924,-644
129,-2924,-644
130,-2928,-648
131,-2936,-650
132,-2932,-656
133,-2936,-652
134,-2932,-654
135,-2936,-660
136,-2936,-652
137,-2940,-652
138,-2940,-650
139,-2936,-656
140,-2940,-646
141,-2948,-644
142,-2944,-648
143,-2948,-644
144,-2948,-648
145,-2948,-650
146,-2948,-654
147,-2948,-644
148,-2948,-648
149,-2948,-652
150,-2940,-656
151,-2948,-652
152,-2952,-652
153,-2952,-650
154,-2952,-650
155,-2956,-646
156,-2956,-650
157,-2956,-650
158,-2956,-650
159,-2952,-654
160,-2960,-656
161,-2964,-660
162,-2968,-654
163,-2968,-654
164,-2964,-656
165,-2964,-654
166,-2968,-654
167,-2968,-656
168,-2968,-658
169,-2964,-654
170,-2964,-656
171,-2964,-654
172,-2968,-654
173,-2964,-658
174,-2968,-656
175,-2968,-656
176,-2968,-654
177,-2968,-660
178,-2968,-658
179,-2968,-656
180,-2968,-658
181,-2968,-652
182,-2968,-652
183,-2968,-644
184,-2964,-646
185,-2964,-650
186,-2968,-652
187,-2968,-656
188,-2968,-652
189,-2968,-660
190,-2968,-658
191,-2964,-660
192,-2968,-654
193,-2968,-664
194,-2968,-664
195,-2964,-666
196,-2968,-666
197,-2968,-664
198,-2968,-662
199,-2968,-664
200,-2968,-658
201,-2972,-652
202,-2980,-654
203,-2980,-656
204,-2980,-658
205,-2980,-658
206,-2976,-656
207,-2980,-650
208,-2980,-654
209,-2980,-658
210,-2988,-656
211,-2984,-658
212,-2984,-650
213,-2992,-656
214,-2992,-656
215,-2992,-652
216,-2992,-650
217,-2972,-656
218,-2984,-646
219,-2980,-658
220,-2984,-652
221,-2988,-656
222,-2988,-654
223,-2988,-654
224,-2988,-650
225,-2984,-656
226,-2984,-652
227,-2984,-644
228,-2996,-650
229,-2992,-652
230,-2996,-652
231,-2996,-650
232,-2996,-652
233,-2996,-658
234,-2992,-658
235,-2996,-654
236,-2996,-650
237,-2996,-654
238,-2996,-650
239,-2996,-654
240,-2996,-654
241,-2996,-656
242,-2996,-658
243,-2996,-650
244,-2996,-650
245,-2996,-652
246,-2992,-652
247,-2996,-654
248,-2996,-652
249,-2992,-654
250,-2992,-660
251,-2992,-650
252,-2996,-656
253,-2992,-652
254,-2988,-648
255,-2988,-650
256,-2988,-652
257,-2988,-650
258,-2984,-650
259,-2988,-644
260,-2988,-642
261,-2988,-640
262,-2992,-642
263,-2992,-642
264,-2988,-652
265,-2992,-650
266,-2992,-644
267,-2988,-654
268,-2992,-654
269,-2992,-654
270,-2992,-652
271,-2992,-656
272,-2992,-654
273,-2984,-664
274,-2980,-662
275,-2984,-664
276,-2984,-668
277,-2980,-676
278,-2980,-668
279,-2980,-668
280,-2980,-666
281,-2980,-672
282,-2980,-676
283,-2980,-676
284,-2980,-672
285,-2980,-676
286,-2980,-672
287,-2984,-668
288,-2984,-662
289,-2984,-670
290,-2984,-668
291,-2984,-670
292,-2984,-664
293,-2984,-664
294,-2988,-666
295,-2992,-666
296,-2992,-664
297,-2992,-662
298,-2992,-666
299,-2992,-664
300,-2992,-660
301,-2992,-672
302,-2992,-668
303,-2996,-676
304,-2996,-672
305,-2996,-670
306,-2996,-672
307,-2992,-674
308,-2996,-674
309,-2996,-676
310,-2996,-678
311,-3000,-668
312,-3000,-672
313,-3000,-668
314,-2996,-670
315,-3004,-670
316,-3004,-670
317,-3004,-672
318,-3004,-678
319,-3000,-678
320,-3004,-680
321,-3004,-674
322,-3004,-678
323,-3008,-670
324,-3008,-674
325,-3008,-674
326,-3008,-676
327,-3008,-676
328,-3008,-674
329,-3008,-672
330,-3004,-678
331,-3004,-678
332,-3004,-678
333,-3004,-678
334,-3008,-676
335,-3008,-672
336,-3008,-672
337,-3008,-676
338,-3004,-676
339,-3008,-672
340,-3004,-676
341,-3000,-672
342,-3004,-676
343,-3000,-674
344,-3004,-678
345,-3008,-672
346,-3004,-680
347,-3008,-670
348,-3008,-680
349,-3008,-676
350,-3008,-682
351,-3008,-682
352,-3008,-690
353,-3012,-686
354,-3008,-680
355,-3012,-686
356,-3012,-682
357,-3012,-680
358,-3012,-684
359,-3016,-682
360,-3016,-682
361,-3016,-684
362,-3016,-682
363,-3016,-684
364,-3016,-686
365,-3016,-680
366,-3016,-682
367,-3020,-682
368,-3020,-686
369,-3020,-686
370,-3016,-678
371,-3016,-680
372,-3016,-680
373,-3020,-680
374,-3020,-678
375,-3020,-678
376,-3020,-678
377,-3020,-672
378,-3020,-674
379,-3020,-674
380,-3020,-668
381,-3012,-668
382,-3020,-670
383,-3020,-664
384,-3020,-666
385,-3020,-666
386,-3016,-670
387,-3012,-666
388,-3016,-666
389,-3008,-666
390,-3008,-666
391,-3008,-664
392,-3004,-666
393,-3004,-668
394,-3000,-660
395,-3000,-656
396,-3004,-662
397,-3004,-658
398,-3008,-658
399,-3012,-662
400,-3008,-662
401,-3012,-662
402,-3016,-668
403,-3016,-668
404,-3016,-664
405,-2992,-678
406,-3004,-676
407,-3008,-672
408,-3016,-670
409,-3012,-668
410,-3016,-670
411,-3012,-666
412,-3016,-664
413,-3016,-664
414,-3016,-668
415,-3020,-668
416,-3016,-672
417,-3020,-670
418,-3020,-668
419,-3016,-670
420,-3020,-670
421,-3020,-674
422,-3020,-674
423,-3020,-672
424,-2996,-678
425,-3000,-674
426,-2996,-666
427,-3004,-674
428,-3000,-670
429,-2996,-682
430,-3000,-682
431,-3000,-678
432,-3004,-672
433,-3008,-676
434,-3008,-672
435,-3012,-672
436,-3020,-670
437,-3016,-668
438,-3020,-668
439,-3016,-670
440,-3016,-678
441,-3012,-670
442,-3008,-672
443,-3008,-664
444,-3008,-668
445,-3012,-670
446,-3012,-670
447,-3012,-674
448,-3012,-670
449,-3008,-670
450,-3008,-672
451,-3012,-672
452,-3012,-672
453,-3008,-674
454,-3012,-674
455,-3012,-680
456,-3016,-678
457,-3016,-672
458,-3016,-674
459,-3008,-680
460,-3008,-678
461,-3004,-668
462,-2992,-676
463,-2996,-666
464,-3000,-674
465,-3000,-676
466,-2996,-670
467,-3000,-674
468,-3000,-670
469,-2996,-672
470,-2996,-676
471,-2996,-678
472,-2992,-672
473,-2996,-676
474,-2996,-676
475,-2996,-680
476,-3004,-676
477,-3008,-670
478,-3008,-676
479,-3004,-672
480,-3000,-674
481,-3008,-666
482,-3004,-672
483,-3012,-670
484,-3012,-672
485,-3012,-672
486,-3020,-670
487,-3020,-664
488,-3020,-666
489,-3016,-664
490,-3020,-664
491,-3020,-662
492,-3020,-660
493,-3016,-664
494,-3016,-662
495,-3016,-668
496,-3020,-660
497,-3020,-664
498,-3004,-662
499,-2996,-660
500,-3000,-662
501,-3004,-664
502,-2996,-662
503,-3004,-674
504,-3004,-664
505,-2992,-674
506,-2980,-674
507,-2992,-670
508,-3000,-664
509,-3004,-664
510,-3004,-658
511,-3004,-658
512,-3004,-664
513,-3008,-666
514,-3004,-666
515,-3008,-668
516,-3008,-672
517,-3004,-670
518,-3008,-672
519,-3008,-670
520,-3008,-670
521,-3012,-666
522,-3012,-670
523,-3008,-670
524,-3012,-664
525,-3012,-664
526,-3012,-664
527,-3012,-660
528,-3012,-664
529,-3012,-666
530,-3012,-662
531,-3012,-660
532,-3012,-666
533,-2996,-658
534,-3012,-664
535,-3012,-664
536,-3008,-662
537,-3004,-672
538,-3004,-666
539,-3004,-672
540,-3004,-672
541,-3000,-670
542,-3000,-660
543,-3000,-664
544,-3000,-670
545,-3000,-666
546,-3000,-668
547,-2996,-670
548,-3004,-668
549,-3000,-674
550,-3004,-674
551,-3004,-678
552,-3004,-662
553,-3004,-660
554,-3004,-662
555,-3004,-658
556,-3000,-662
557,-3008,-658
558,-3008,-656
559,-3008,-656
560,-3008,-660
561,-3004,-664
562,-3004,-664
563,-3004,-664
564,-2996,-664
565,-3000,-662
566,-3000,-656
567,-3000,-658
568,-3000,-662
569,-3004,-660
570,-3004,-666
571,-3004,-666
572,-3000,-668
573,-3004,-668
574,-3004,-666
575,-3004,-662
576,-3004,-674
577,-3000,-666
578,-3000,-666
579,-3004,-666
580,-3008,-666
581,-3008,-668
582,-3008,-666
583,-3008,-668
584,-3008,-668
585,-3004,-672
586,-3008,-670
587,-3004,-670
588,-3004,-672
589,-3004,-666
590,-3008,-668
591,-3008,-670
592,-3008,-666
593,-3008,-668
594,-3008,-666
595,-3004,-672
596,-3008,-662
597,-3008,-664
598,-3008,-660
599,-3008,-662
600,-3008,-662
601,-3008,-670
602,-3008,-666
603,-3008,-666
604,-3008,-662
605,-3008,-662
606,-3008,-668
607,-3008,-670
608,-3008,-668
609,-3008,-666
610,-3008,-658
611,-2984,-672
612,-2972,-672
613,-2976,-668
614,-2984,-668
615,-2988,-664
616,-2992,-662
617,-2996,-662
618,-2996,-662
619,-2996,-656
620,-2992,-660
621,-2996,-666
622,-2996,-660
623,-3000,-668
624,-3000,-670
625,-3004,-670
626,-3004,-660
627,-3004,-662
628,-3004,-674
629,-3004,-668
630,-3004,-672
631,-3008,-664
632,-3004,-668
633,-3012,-668
634,-3008,-664
635,-3008,-666
636,-3008,-666
637,-3008,-668
638,-3008,-668
639,-3012,-662
640,-3012,-666
641,-3012,-666
642,-3012,-666
643,-3008,-662
644,-3012,-668
645,-3012,-672
646,-3020,-668
647,-3016,-674
648,-3024,-666
649,-3016,-672
650,-3020,-662
651,-3028,-674
652,-3028,-672
653,-3028,-678
654,-3032,-674
655,-2996,-670
656,-3008,-674
657,-3004,-686
658,-3004,-684
659,-2992,-690
660,-3012,-678
661,-3008,-688
662,-3008,-682
663,-3008,-682
664,-3008,-678
665,-3008,-682
666,-3008,-682
667,-3008,-688
668,-3012,-670
669,-3016,-676
670,-3020,-678
671,-3024,-678
672,-3024,-676
673,-3028,-676
674,-3032,-670
675,-3036,-678
676,-3036,-672
677,-3036,-664
678,-3036,-672
679,-3032,-670
680,-3040,-670
681,-3036,-678
682,-3036,-674
683,-3032,-684
684,-3032,-682
685,-3032,-678
686,-3032,-682
687,-3032,-684
688,-3024,-680
689,-3024,-686
690,-3028,-686
691,-3028,-678
692,-3028,-686
693,-3036,-684
694,-3032,-678
695,-3028,-672
696,-3032,-672
697,-3032,-680
698,-3036,-680
699,-3036,-680
700,-3036,-674
701,-3040,-676
702,-3040,-676
703,-3040,-678
704,-3040,-678
705,-3036,-676
706,-3036,-684
707,-3032,-676
708,-3032,-674
709,-3036,-674
710,-3036,-674
711,-3036,-678
712,-3036,-676
713,-3040,-664
714,-3040,-670
715,-3040,-670
716,-3040,-666
717,-3040,-666
718,-3036,-668
719,-3036,-662
720,-3040,-668
721,-3040,-666
722,-3040,-670
723,-3040,-668
724,-3040,-662
725,-3040,-662
726,-3036,-668
727,-3036,-672
728,-3040,-666
729,-3040,-676
730,-3044,-676
731,-3044,-676
732,-3044,-682
733,-3044,-672
734,-3040,-678
735,-3036,-678
736,-3044,-672
737,-3044,-678
738,-3044,-674
739,-3044,-676
740,-3040,-674
741,-3040,-672
742,-3040,-672
743,-3040,-672
744,-3040,-672
745,-3040,-678
746,-3040,-674
747,-3040,-678
748,-3036,-676
749,-3036,-674
750,-3040,-676
751,-3040,-670
752,-3040,-666
753,-3040,-664
754,-3040,-664
755,-3040,-660
756,-3040,-666
757,-3036,-660
758,-3020,-670
759,-3004,-652
760,-3012,-652
761,-3016,-656
762,-3020,-656
763,-3012,-666
764,-3012,-674
765,-3024,-668
766,-3016,-670
767,-3020,-672
768,-3024,-664
769,-3024,-670
770,-3024,-670
771,-3024,-672
772,-3024,-666
773,-3024,-668
774,-3024,-668
775,-3020,-672
776,-3020,-672
777,-3016,-682
778,-3012,-678
779,-3016,-680
780,-3020,-674
781,-3020,-674
782,-3016,-676
783,-3020,-674
784,-3016,-682
785,-3020,-680
786,-3020,-680
787,-3020,-682
788,-3020,-670
789,-3020,-680
790,-3020,-682
791,-3016,-678
792,-3020,-678
793,-3016,-684
794,-3020,-680
795,-3028,-676
796,-3028,-674
797,-3028,-678
798,-3032,-680
799,-3032,-680
800,-3028,-672
801,-3028,-678
802,-3028,-682
803,-3028,-680
804,-3036,-672
805,-3032,-666
806,-3036,-672
807,-3036,-674
808,-3036,-676
809,-3036,-674
810,-3036,-676
811,-3036,-674
812,-3036,-672
813,-3036,-674
814,-3040,-676
815,-3040,-672
816,-3032,-684
817,-3040,-676
818,-3040,-670
819,-3040,-670
820,-3044,-676
821,-3040,-676
822,-3048,-676
823,-3048,-678
824,-3048,-682
825,-3048,-684
826,-3048,-682
827,-3048,-688
828,-3044,-688
829,-3044,-678
830,-3048,-682
831,-3048,-678
832,-3048,-682
833,-3044,-682
834,-3044,-684
835,-3044,-688
836,-3044,-688
837,-3044,-680
838,-3048,-678
839,-3052,-678
840,-3040,-676
841,-3048,-670
842,-3052,-674
843,-3048,-660
844,-3052,-660
845,-3052,-666
846,-3056,-664
847,-3056,-662
848,-3052,-662
849,-3052,-658
850,-3056,-660
851,-3056,-668
852,-3056,-662
853,-3052,-666
854,-3052,-666
855,-3056,-670
856,-3056,-668
857,-3056,-664
858,-3056,-668
859,-3052,-670
860,-3052,-672
861,-3048,-670
862,-3052,-672
863,-3052,-670
864,-3052,-676
865,-3052,-676
866,-3052,-676
867,-3052,-674
868,-3052,-674
869,-3056,-678
870,-3056,-678
871,-3056,-676
872,-3056,-678
873,-3060,-674
874,-3060,-676
875,-3060,-668
876,-3056,-668
877,-3056,-666
878,-3052,-674
879,-3056,-666
880,-3056,-666
881,-3052,-664
882,-3052,-666
883,-3056,-662
884,-3056,-668
885,-3052,-670
886,-3056,-664
887,-3056,-666
888,-3048,-658
889,-3060,-662
890,-3060,-660
891,-3060,-660
892,-3056,-662
893,-3060,-658
894,-3060,-660
895,-3064,-660
896,-3060,-654
897,-3064,-656
898,-3064,-652
899,-3064,-656
900,-3064,-658
901,-3060,-656
902,-3060,-658
903,-3056,-664
904,-3068,-654
905,-3068,-654
906,-3068,-658
907,-3068,-658
908,-3076,-642
909,-3076,-648
910,-3076,-648
911,-3076,-644
912,-3076,-648
913,-3072,-640
914,-3076,-632
915,-3072,-636
916,-3068,-646
917,-3076,-656
918,-3076,-652
919,-3076,-652
920,-3076,-652
921,-3076,-648
922,-3076,-648
923,-3076,-650
924,-3076,-646
925,-3076,-646
926,-3076,-642
927,-3076,-642
928,-3068,-648
929,-3076,-642
930,-3072,-646
931,-3076,-646
932,-3076,-644
933,-3076,-650
934,-3076,-650
935,-3076,-652
936,-3076,-644
937,-3076,-646
938,-3076,-642
939,-3080,-646
940,-3068,-648
941,-3088,-644
942,-3088,-642
943,-3084,-640
944,-3080,-646
945,-3084,-644
946,-3084,-646
947,-3084,-644
948,-3084,-646
949,-3084,-644
950,-3084,-636
951,-3084,-630
952,-3084,-636
953,-3084,-634
954,-3084,-634
955,-3084,-638
956,-3084,-638
957,-3084,-638
958,-3084,-636
959,-3084,-636
960,-3084,-638
961,-3072,-632
962,-3080,-634
963,-3080,-636
964,-3080,-634
965,-3080,-640
966,-3080,-640
967,-3076,-640
968,-3076,-642
969,-3072,-642
970,-3072,-644
971,-3072,-646
972,-3072,-646
973,-3068,-650
974,-3068,-650
975,-3060,-646
976,-3032,-648
977,-3000,-656
978,-3040,-666
979,-3040,-660
980,-3016,-674
981,-3016,-654
982,-3024,-658
983,-3032,-650
984,-3032,-650
985,-3028,-654
986,-3032,-650
987,-3036,-658
988,-3036,-652
989,-3036,-652
990,-3036,-658
991,-3032,-660
992,-3028,-656
993,-3036,-654
994,-3036,-660
995,-3036,-654
996,-3032,-654
997,-3036,-652
998,-3040,-656
999,-3036,-662
1000,-3040,-658
1001,-3036,-666
1002,-3040,-656
1003,-3036,-662
1004,-3044,-660
1005,-3044,-658
1006,-3040,-660
1007,-3040,-662
1008,-3040,-662
1009,-3040,-662
1010,-3044,-660
1011,-3044,-660
1012,-3044,-658
1013,-3032,-666
1014,-3036,-652
1015,-3036,-654
1016,-3044,-654
1017,-3044,-654
1018,-3040,-658
1019,-3044,-662
1020,-3040,-672
1021,-3044,-660
1022,-3044,-658
1023,-3044,-660
1024,-3040,-664
1025,-3052,-662
1026,-3052,-668
1027,-3052,-670
1028,-3052,-668
1029,-3052,-668
1030,-3052,-670
1031,-3052,-674
1032,-3052,-668
1033,-3052,-666
1034,-3052,-668
1035,-3048,-662
1036,-3052,-658
1037,-3052,-658
1038,-3052,-656
1039,-3052,-656
1040,-3052,-654
1041,-3048,-656
1042,-3052,-654
1043,-3052,-656
1044,-3052,-650
1045,-3052,-656
1046,-3052,-652
1047,-3048,-656
1048,-3048,-662
1049,-3052,-658
1050,-3052,-662
1051,-3056,-662
1052,-3060,-662
1053,-3060,-666
1054,-3060,-662
1055,-3060,-656
1056,-3060,-656
1057,-3056,-664
1058,-3056,-666
1059,-3052,-664
1060,-3052,-666
1061,-3052,-664
1062,-3048,-668
1063,-3056,-662
1064,-3056,-668
1065,-3056,-670
1066,-3048,-672
1067,-3028,-668
1068,-3060,-666
1069,-3060,-666
1070,-3056,-670
1071,-3064,-664
1072,-3064,-666
1073,-3064,-658
1074,-3064,-662
1075,-3060,-668
1076,-3064,-670
1077,-3060,-664
1078,-3060,-664
1079,-3064,-666
1080,-3068,-666
1081,-3068,-662
1082,-3068,-660
1083,-3072,-656
1084,-3072,-656
1085,-3072,-656
1086,-3072,-650
1087,-3072,-656
1088,-3072,-660
1089,-3072,-660
1090,-3072,-662
1091,-3072,-662
1092,-3072,-666
1093,-3072,-656
1094,-3072,-660
1095,-3072,-660
1096,-3072,-662
1097,-3072,-662
1098,-3068,-662
1099,-3072,-658
1100,-3072,-662
1101,-3072,-656
1102,-3072,-656
1103,-3072,-658
1104,-3072,-666
1105,-3068,-666
1106,-3072,-658
1107,-3072,-662
1108,-3072,-652
1109,-3072,-652
1110,-3072,-654
1111,-3072,-652
1112,-3064,-658
1113,-3068,-652
1114,-3072,-654
1115,-3072,-662
1116,-3072,-654
1117,-3072,-654
1118,-3072,-656
1119,-3068,-656
1120,-3072,-652
1121,-3076,-650
1122,-3076,-654
1123,-3076,-652
1124,-3076,-650
1125,-3072,-650
1126,-3072,-650
1127,-3068,-652
1128,-3072,-650
1129,-3072,-648
1130,-3072,-656
1131,-3076,-650
1132,-3076,-650
1133,-3076,-648
1134,-3076,-648
1135,-3080,-650
1136,-3080,-652
1137,-3080,-650
1138,-3080,-650
1139,-3080,-650
1140,-3080,-650
1141,-3080,-648
1142,-3080,-652
1143,-3080,-642
1144,-3080,-646
1145,-3080,-642
1146,-3080,-650
1147,-3080,-648
1148,-3080,-642
1149,-3080,-650
1150,-3076,-644
1151,-3076,-642
1152,-3080,-646
1153,-3080,-648
1154,-3080,-648
1155,-3080,-654
1156,-3080,-656
1157,-3080,-656
1158,-3080,-658
1159,-3080,-662
1160,-3080,-660
1161,-3080,-660
1162,-3080,-660
1163,-3080,-662
1164,-3076,-666
1165,-3072,-658
1166,-3072,-682
1167,-3064,-674
1168,-3068,-672
1169,-3076,-670
1170,-3084,-670
1171,-3096,-668
1172,-3092,-666
1173,-3092,-670
1174,-3084,-670
1175,-3092,-670
1176,-3092,-670
1177,-3092,-666
1178,-3092,-666
1179,-3084,-668
1180,-3088,-668
1181,-3084,-674
1182,-3084,-670
1183,-3084,-664
1184,-3080,-670
1185,-3080,-672
1186,-3084,-668
1187,-3080,-666
1188,-3084,-672
1189,-3084,-670
1190,-3080,-668
1191,-3080,-662
1192,-3084,-666
1193,-3084,-664
1194,-3080,-668
1195,-3080,-664
1196,-3080,-666
1197,-3076,-658
1198,-3072,-664
1199,-3068,-656
1200,-3060,-658
1201,-3072,-656
1202,-3084,-662
1203,-3084,-658
1204,-3084,-660
1205,-3084,-658
1206,-3088,-650
1207,-3084,-658
1208,-3076,-658
1209,-3080,-654
1210,-3080,-656
1211,-3080,-654
1212,-3080,-672
1213,-3080,-670
1214,-3080,-670
1215,-3076,-668
1216,-3080,-670
1217,-3080,-670
1218,-3080,-664
1219,-3080,-662
1220,-3080,-668
1221,-3084,-664
1222,-3080,-664
1223,-3084,-664
1224,-3084,-662
1225,-3084,-664
1226,-3088,-662
1227,-3088,-660
1228,-3088,-660
1229,-3088,-662
1230,-3088,-662
1231,-3088,-664
1232,-3084,-662
1233,-3088,-666
1234,-3084,-666
1235,-3084,-666
1236,-3084,-662
1237,-3084,-660
1238,-3084,-660
1239,-3080,-660
1240,-3080,-656
1241,-3080,-658
1242,-3072,-656
1243,-3080,-658
1244,-3080,-660
1245,-3080,-658
1246,-3080,-660
1247,-3084,-660
1248,-3080,-658
1249,-3084,-656
1250,-3084,-654
1251,-3084,-654
1252,-3084,-658
1253,-3080,-658
1254,-3084,-658
1255,-3084,-656
1256,-3084,-656
1257,-3084,-656
1258,-3084,-660
1259,-3092,-650
1260,-3088,-660
1261,-3092,-658
1262,-3092,-656
1263,-3096,-658
1264,-3100,-656
1265,-3100,-660
1266,-3100,-656
1267,-3092,-662
1268,-3092,-664
1269,-3092,-664
1270,-3096,-668
1271,-3096,-664
1272,-3096,-668
1273,-3096,-668
1274,-3096,-666
1275,-3100,-662
1276,-3100,-668
1277,-3100,-664
1278,-3100,-656
1279,-3100,-660
1280,-3100,-658
1281,-3104,-658
1282,-3104,-654
1283,-3104,-654
1284,-3104,-656
1285,-3104,-664
1286,-3104,-664
1287,-3108,-664
1288,-3108,-668
1289,-3108,-668
1290,-3108,-670
1291,-3108,-664
1292,-3108,-660
1293,-3108,-662
1294,-3108,-662
1295,-3108,-666
1296,-3112,-664
1297,-3108,-660
1298,-3112,-658
1299,-3112,-660
1300,-3112,-656
1301,-3112,-654
1302,-3108,-658
1303,-3112,-660
1304,-3112,-656
1305,-3112,-660
1306,-3112,-660
1307,-3112,-656
1308,-3112,-650
1309,-3112,-652
1310,-3112,-656
1311,-3112,-656
1312,-3104,-654
1313,-3084,-652
1314,-3088,-660
1315,-3100,-654
1316,-3096,-658
1317,-3100,-662
1318,-3104,-656
1319,-3104,-652
1320,-3104,-652
1321,-3104,-650
1322,-3104,-654
1323,-3104,-642
1324,-3104,-640
1325,-3104,-650
1326,-3104,-650
1327,-3112,-646
1328,-3112,-650
1329,-3112,-648
1330,-3108,-644
1331,-3112,-644
1332,-3112,-648
1333,-3108,-654
1334,-3108,-646
1335,-3108,-646
1336,-3108,-648
1337,-3108,-648
1338,-3112,-646
1339,-3112,-644
1340,-3112,-644
1341,-3112,-644
1342,-3108,-642
1343,-3116,-640
1344,-3116,-636
1345,-3116,-638
1346,-3112,-642
1347,-3116,-642
1348,-3116,-638
1349,-3108,-638
1350,-3108,-646
1351,-3108,-638
1352,-3116,-644
1353,-3116,-648
1354,-3116,-646
1355,-3116,-648
1356,-3120,-650
1357,-3120,-648
1358,-3120,-646
1359,-3120,-654
1360,-3120,-650
1361,-3124,-640
1362,-3120,-642
1363,-3124,-644
1364,-3120,-644
1365,-3120,-640
1366,-3120,-640
1367,-3120,-640
1368,-3116,-640
1369,-3116,-638
1370,-3116,-638
1371,-3116,-638
1372,-3112,-638
1373,-3116,-642
1374,-3116,-640
1375,-3116,-644
1376,-3116,-634
1377,-3116,-642
1378,-3116,-646
1379,-3116,-644
1380,-3116,-638
1381,-3116,-638
1382,-3116,-646
1383,-3116,-646
1384,-3116,-642
1385,-3116,-638
1386,-3116,-640
1387,-3120,-642
1388,-3116,-638
1389,-3120,-640
1390,-3120,-638
1391,-3120,-640
1392,-3116,-642
1393,-3120,-642
1394,-3120,-642
1395,-3120,-642
1396,-3120,-636
1397,-3120,-644
1398,-3120,-646
1399,-3120,-644
1400,-3120,-646
1401,-3120,-644
1402,-3120,-646
1403,-3120,-646
1404,-3120,-648
1405,-3120,-650
1406,-3120,-644
1407,-3120,-652
1408,-3120,-650
1409,-3120,-650
1410,-3120,-646
1411,-3120,-646
1412,-3120,-652
1413,-3120,-654
1414,-3120,-652
1415,-3120,-654
1416,-3120,-648
1417,-3120,-644
1418,-3120,-644
1419,-3120,-648
1420,-3120,-646
1421,-3120,-644
1422,-3116,-644
1423,-3116,-646
1424,-3112,-646
1425,-3116,-648
1426,-3112,-648
1427,-3120,-654
1428,-3124,-656
1429,-3124,-650
1430,-3124,-654
1431,-3124,-658
1432,-3124,-656
1433,-3124,-654
1434,-3124,-652
1435,-3124,-656
1436,-3124,-660
1437,-3124,-656
1438,-3124,-648
1439,-3124,-648
1440,-3124,-652
1441,-3120,-654
1442,-3116,-654
1443,-3116,-662
1444,-3120,-658
1445,-3116,-660
1446,-3120,-660
1447,-3120,-656
1448,-3124,-654
1449,-3124,-644
1450,-3124,-650
1451,-3124,-650
1452,-3124,-646
1453,-3120,-642
1454,-3120,-648
1455,-3124,-644
1456,-3124,-644
1457,-3120,-648
1458,-3120,-640
1459,-3120,-646
1460,-3120,-646
1461,-3120,-648
1462,-3116,-644
1463,-3116,-648
1464,-3120,-652
1465,-3120,-648
1466,-3116,-658
1467,-3120,-656
1468,-3116,-648
1469,-3120,-654
1470,-3120,-650
1471,-3120,-642
1472,-3120,-642
1473,-3116,-652
1474,-3120,-654
1475,-3120,-650
1476,-3120,-654
1477,-3120,-652
1478,-3120,-650
1479,-3120,-648
1480,-3120,-654
1481,-3120,-656
1482,-3120,-656
1483,-3120,-652
1484,-3124,-650
1485,-3124,-654
1486,-3124,-656
1487,-3124,-660
1488,-3124,-662
1489,-3124,-658
1490,-3128,-660
1491,-3128,-662
1492,-3124,-664
1493,-3124,-662
1494,-3128,-656
1495,-3128,-658
1496,-3132,-658
1497,-3132,-660
1498,-3128,-670
1499,-3124,-668
1500,-3128,-668
1501,-3124,-662
1502,-3132,-666
1503,-3128,-666
1504,-3128,-666
1505,-3132,-672
1506,-3132,-664
1507,-3132,-666
1508,-3132,-670
1509,-3136,-676
1510,-3132,-680
1511,-3140,-678
1512,-3140,-678
1513,-3108,-686
1514,-3116,-672
1515,-3112,-680
1516,-3112,-682
1517,-3116,-682
1518,-3104,-680
1519,-3108,-680
1520,-3116,-676
1521,-3108,-680
1522,-3100,-680
1523,-3108,-672
1524,-3112,-682
1525,-3116,-680
1526,-3116,-684
1527,-3116,-682
1528,-3112,-678
1529,-3108,-680
1530,-3112,-684
1531,-3112,-672
1532,-3112,-676
1533,-3116,-676
1534,-3116,-678
1535,-3120,-676
1536,-3120,-680
1537,-3120,-682
1538,-3120,-680
1539,-3124,-682
1540,-3124,-682
1541,-3124,-678
1542,-3124,-684
1543,-3128,-680
1544,-3128,-684
1545,-3128,-682
1546,-3128,-684
1547,-3128,-688
1548,-3128,-684
1549,-3128,-684
1550,-3128,-684
1551,-3128,-692
1552,-3128,-696
1553,-3128,-688
1554,-3128,-692
1555,-3128,-686
1556,-3128,-688
1557,-3128,-684
1558,-3128,-686
1559,-3128,-684
1560,-3128,-682
1561,-3128,-678
1562,-3128,-678
1563,-3124,-686
1564,-3128,-680
1565,-3128,-674
1566,-3132,-676
1567,-3132,-678
1568,-3132,-676
1569,-3128,-682
1570,-3124,-684
1571,-3120,-688
1572,-3120,-690
1573,-3120,-690
1574,-3116,-690
1575,-3116,-690
1576,-3116,-690
1577,-3108,-688
1578,-3116,-688
1579,-3116,-694
1580,-3116,-692
1581,-3116,-688
1582,-3112,-696
1583,-3120,-692
1584,-3124,-692
1585,-3124,-692
1586,-3124,-688
1587,-3124,-690
1588,-3112,-682
1589,-3120,-678
1590,-3120,-682
1591,-3120,-682
1592,-3120,-682
1593,-3124,-686
1594,-3124,-680
1595,-3124,-684
1596,-3120,-682
1597,-3124,-688
1598,-3116,-692
1599,-3116,-692
1600,-3112,-688
1601,-3116,-682
1602,-3112,-684
1603,-3112,-686
1604,-3112,-688
1605,-3108,-686
1606,-3112,-690
1607,-3112,-686
1608,-3112,-688
1609,-3112,-690
1610,-3112,-692
1611,-3112,-694
1612,-3112,-690
1613,-3112,-690
1614,-3116,-686
1615,-3116,-686
1616,-3116,-684
1617,-3116,-686
1618,-3112,-688
1619,-3108,-690
1620,-3104,-692
1621,-3108,-688
1622,-3116,-682
1623,-3112,-686
1624,-3112,-690
1625,-3112,-688
1626,-3112,-690
1627,-3116,-688
1628,-3120,-684
1629,-3120,-682
1630,-3120,-686
1631,-3120,-684
1632,-3116,-688
1633,-3116,-688
1634,-3116,-684
1635,-3116,-684
1636,-3120,-686
1637,-3116,-688
1638,-3116,-686
1639,-3116,-688
1640,-3116,-688
1641,-3116,-688
1642,-3112,-686
1643,-3108,-680
1644,-3124,-680
1645,-3124,-680
1646,-3124,-676
1647,-3124,-678
1648,-3124,-676
1649,-3124,-676
1650,-3124,-678
1651,-3124,-678
1652,-3124,-684
1653,-3128,-682
1654,-3128,-680
1655,-3128,-682
1656,-3132,-680
1657,-3132,-684
1658,-3132,-680
1659,-3132,-680
1660,-3132,-680
1661,-3136,-676
1662,-3132,-680
1663,-3136,-678
1664,-3140,-678
1665,-3140,-680
1666,-3140,-682
1667,-3136,-684
1668,-3132,-682
1669,-3136,-684
1670,-3136,-680
1671,-3140,-682
1672,-3140,-678
1673,-3140,-682
1674,-3144,-672
1675,-3144,-680
1676,-3144,-682
1677,-3144,-682
1678,-3144,-682
1679,-3148,-684
1680,-3148,-684
1681,-3140,-682
1682,-3144,-676
1683,-3148,-676
1684,-3148,-674
1685,-3148,-676
1686,-3148,-672
1687,-3148,-676
1688,-3148,-674
1689,-3148,-674
1690,-3152,-678
1691,-3152,-678
1692,-3152,-684
1693,-3148,-690
1694,-3152,-682
1695,-3152,-678
1696,-3152,-680
1697,-3148,-684
1698,-3144,-688
1699,-3148,-682
1700,-3148,-692
1701,-3148,-694
1702,-3144,-692
1703,-3144,-690
1704,-3148,-684
1705,-3144,-688
1706,-3148,-688
1707,-3148,-688
1708,-3152,-680
1709,-3152,-688
1710,-3152,-686
1711,-3152,-682
1712,-3152,-682
1713,-3152,-680
1714,-3152,-680
1715,-3152,-686
1716,-3152,-686
1717,-3152,-678
1718,-3152,-680
1719,-3152,-676
1720,-3152,-674
1721,-3152,-670
1722,-3152,-672
1723,-3152,-674
1724,-3152,-676
1725,-3152,-678
1726,-3152,-672
1727,-3152,-678
1728,-3152,-674
1729,-3144,-686
1730,-3152,-678
1731,-3152,-674
1732,-3152,-676
1733,-3152,-676
1734,-3148,-676
1735,-3148,-678
1736,-3152,-670
1737,-3152,-672
1738,-3152,-666
1739,-3156,-670
1740,-3156,-668
1741,-3152,-674
1742,-3148,-670
1743,-3148,-666
1744,-3152,-670
1745,-3152,-672
1746,-3152,-670
1747,-3152,-672
1748,-3152,-668
1749,-3152,-674
1750,-3152,-668
1751,-3152,-670
1752,-3152,-668
1753,-3152,-668
1754,-3152,-666
1755,-3152,-672
1756,-3152,-672
1757,-3152,-672
1758,-3152,-672
1759,-3152,-670
1760,-3152,-672
1761,-3152,-676
1762,-3152,-674
1763,-3152,-672
1764,-3152,-682
1765,-3152,-678
1766,-3152,-672
1767,-3152,-674
1768,-3148,-676
1769,-3148,-668
1770,-3144,-672
1771,-3144,-678
1772,-3140,-674
1773,-3140,-676
1774,-3144,-670
1775,-3144,-672
1776,-3144,-676
1777,-3144,-678
1778,-3144,-674
1779,-3144,-674
1780,-3144,-672
1781,-3144,-678
1782,-3144,-678
1783,-3144,-678
1784,-3144,-680
1785,-3148,-676
1786,-3148,-682
1787,-3140,-680
1788,-3148,-676
1789,-3152,-682
1790,-3152,-680
1791,-3148,-688
1792,-3148,-688
1793,-3148,-690
1794,-3148,-684
1795,-3148,-680
1796,-3148,-682
1797,-3148,-678
1798,-3148,-678
1799,-3144,-680
1800,-3148,-680
1801,-3144,-680
1802,-3148,-680
1803,-3148,-682
1804,-3148,-674
1805,-3148,-686
1806,-3144,-680
1807,-3144,-678
1808,-3144,-676
1809,-3144,-676
1810,-3144,-674
1811,-3144,-678
1812,-3140,-678
1813,-3144,-670
1814,-3144,-674
1815,-3144,-676
1816,-3148,-678
1817,-3144,-684
1818,-3148,-682
1819,-3148,-678
1820,-3148,-676
1821,-3148,-672
1822,-3148,-668
1823,-3148,-672
1824,-3152,-672
1825,-3152,-668
1826,-3152,-670
1827,-3152,-670
1828,-3152,-674
1829,-3156,-670
1830,-3156,-668
1831,-3156,-672
1832,-3156,-676
1833,-3152,-676
1834,-3156,-678
1835,-3156,-672
1836,-3156,-670
1837,-3156,-670
1838,-3156,-666
1839,-3156,-668
1840,-3156,-668
1841,-3156,-672
1842,-3156,-670
1843,-3156,-674
1844,-3156,-670
1845,-3156,-670
1846,-3156,-672
1847,-3152,-670
1848,-3152,-670
1849,-3156,-670
1850,-3152,-672
1851,-3156,-674
1852,-3156,-670
1853,-3156,-670
1854,-3156,-666
1855,-3156,-672
1856,-3156,-672
1857,-3156,-674
1858,-3156,-676
1859,-3156,-668
1860,-3156,-670
1861,-3160,-672
1862,-3160,-674
1863,-3160,-674
1864,-3160,-672
1865,-3152,-674
1866,-3160,-680
1867,-3160,-678
1868,-3160,-670
1869,-3160,-676
1870,-3156,-672
1871,-3160,-670
1872,-3160,-668
1873,-3160,-670
1874,-3156,-672
1875,-3156,-676
1876,-3156,-680
1877,-3156,-680
1878,-3152,-666
1879,-3156,-666
1880,-3160,-680
1881,-3160,-676
1882,-3160,-668
1883,-3160,-674
1884,-3156,-672
1885,-3156,-674
1886,-3156,-674
1887,-3156,-676
1888,-3160,-678
1889,-3160,-678
1890,-3160,-678
1891,-3160,-680
1892,-3160,-680
1893,-3160,-682
1894,-3160,-684
1895,-3160,-678
1896,-3160,-670
1897,-3160,-676
1898,-3160,-676
1899,-3160,-676
1900,-3168,-680
1901,-3168,-676
1902,-3168,-674
1903,-3168,-678
1904,-3164,-680
1905,-3160,-678
1906,-3160,-678
1907,-3160,-684
1908,-3164,-682
1909,-3172,-684
1910,-3172,-676
1911,-3172,-682
1912,-3168,-684
1913,-3168,-678
1914,-3168,-686
1915,-3168,-684
1916,-3172,-684
1917,-3172,-682
1918,-3172,-684
1919,-3172,-686
1920,-3168,-686
1921,-3172,-684
1922,-3168,-678
1923,-3172,-674
1924,-3172,-678
1925,-3176,-678
1926,-3176,-674
1927,-3176,-674
1928,-3176,-674
1929,-3176,-676
1930,-3176,-680
1931,-3176,-678
1932,-3176,-682
1933,-3176,-682
1934,-3172,-692
1935,-3172,-696
1936,-3176,-684
1937,-3176,-688
1938,-3176,-692
1939,-3176,-690
1940,-3176,-692
1941,-3172,-688
1942,-3168,-690
1943,-3168,-686
1944,-3180,-690
1945,-3180,-694
1946,-3176,-690
1947,-3172,-692
1948,-3168,-692
1949,-3172,-702
1950,-3172,-692
1951,-3168,-694
1952,-3168,-706
1953,-3176,-700
1954,-3176,-700
1955,-3172,-694
1956,-3172,-700
1957,-3172,-698
1958,-3176,-698
1959,-3172,-706
1960,-3172,-702
1961,-3168,-702
1962,-3172,-702
1963,-3168,-698
1964,-3168,-698
1965,-3168,-700
1966,-3164,-702
1967,-3168,-704
1968,-3168,-708
1969,-3172,-712
1970,-3172,-712
1971,-3172,-712
1972,-3168,-710
1973,-3168,-714
1974,-3168,-716
1975,-3168,-716
1976,-3168,-716
1977,-3164,-722
1978,-3168,-712
1979,-3164,-708
1980,-3160,-704
1981,-3168,-704
1982,-3160,-704
1983,-3168,-702
1984,-3168,-706
1985,-3168,-704
1986,-3168,-698
1987,-3168,-704
1988,-3168,-700
1989,-3164,-700
1990,-3168,-700
1991,-3168,-702
1992,-3168,-704
1993,-3168,-696
1994,-3168,-700
1995,-3168,-702
1996,-3168,-696
1997,-3168,-702
1998,-3164,-696
1999,-3168,-698
2000,-3164,-696
2001,-3168,-696
2002,-3168,-688
2003,-3168,-688
2004,-3168,-686
2005,-3168,-688
2006,-3160,-684
2007,-3168,-690
2008,-3168,-698
2009,-3160,-692
2010,-3168,-688
2011,-3168,-686
2012,-3160,-688
2013,-3164,-682
2014,-3164,-694
2015,-3160,-692
2016,-3168,-688
2017,-3168,-690
2018,-3168,-698
2019,-3168,-692
2020,-3168,-696
2021,-3168,-696
2022,-3164,-696
2023,-3168,-696
2024,-3168,-696
2025,-3168,-690
2026,-3164,-690
2027,-3168,-692
2028,-3168,-700
2029,-3168,-700
2030,-3168,-696
2031,-3168,-696
2032,-3168,-696
2033,-3164,-688
2034,-3168,-698
2035,-3168,-698
2036,-3168,-690
2037,-3168,-686
2038,-3168,-694
2039,-3168,-692
2040,-3168,-694
2041,-3168,-696
2042,-3168,-696
2043,-3164,-694
2044,-3168,-694
2045,-3168,-694
2046,-3164,-698
2047,-3164,-698
2048,-3164,-700
2049,-3164,-698
2050,-3164,-694
2051,-3164,-698
2052,-3164,-696
2053,-3160,-698
2054,-3156,-700
2055,-3160,-694
2056,-3160,-696
2057,-3164,-700
2058,-3164,-704
2059,-3164,-706
2060,-3164,-706
2061,-3164,-700
2062,-3168,-698
2063,-3168,-698
2064,-3168,-696
2065,-3172,-696
2066,-3172,-694
2067,-3168,-698
2068,-3172,-698
2069,-3172,-698
2070,-3176,-688
2071,-3176,-694
2072,-3172,-696
2073,-3176,-696
2074,-3176,-696
2075,-3172,-692
2076,-3172,-692
2077,-3176,-696
2078,-3176,-694
2079,-3176,-694
2080,-3176,-696
2081,-3176,-692
2082,-3176,-690
2083,-3180,-698
2084,-3180,-696
2085,-3176,-694
2086,-3180,-694
2087,-3180,-694
2088,-3180,-696
2089,-3180,-696
2090,-3176,-696
2091,-3172,-698
2092,-3176,-696
2093,-3180,-696
2094,-3180,-694
2095,-3180,-698
2096,-3180,-692
2097,-3176,-694
2098,-3176,-696
2099,-3176,-696
2100,-3176,-690
2101,-3176,-692
2102,-3176,-694
2103,-3176,-688
2104,-3172,-690
2105,-3176,-692
2106,-3176,-690
2107,-3176,-694
2108,-3172,-690
2109,-3172,-686
2110,-3176,-688
2111,-3176,-686
2112,-3176,-686
2113,-3176,-690
2114,-3180,-684
2115,-3180,-686
2116,-3180,-688
2117,-3176,-686
2118,-3180,-684
2119,-3180,-678
2120,-3180,-678
2121,-3176,-684
2122,-3180,-684
2123,-3176,-678
2124,-3180,-672
2125,-3180,-674
2126,-3180,-678
2127,-3176,-676
2128,-3176,-678
2129,-3176,-676
2130,-3176,-678
2131,-3172,-682
2132,-3176,-678
2133,-3176,-678
2134,-3176,-682
2135,-3176,-680
2136,-3180,-680
2137,-3180,-680
2138,-3180,-678
2139,-3180,-678
2140,-3180,-682
2141,-3180,-682
2142,-3176,-680
2143,-3176,-684
2144,-3180,-680
2145,-3176,-676
2146,-3176,-688
2147,-3176,-686
2148,-3172,-682
2149,-3172,-676
2150,-3168,-684
2151,-3172,-678
2152,-3172,-678
2153,-3172,-680
2154,-3172,-680
2155,-3176,-684
2156,-3176,-678
2157,-3176,-684
2158,-3176,-680
2159,-3176,-682
2160,-3172,-684
2161,-3176,-684
2162,-3176,-682
2163,-3176,-686
2164,-3176,-680
2165,-3176,-680
2166,-3176,-680
2167,-3172,-680
2168,-3172,-682
2169,-3172,-686
2170,-3172,-684
2171,-3176,-680
2172,-3176,-678
2173,-3172,-680
2174,-3176,-676
2175,-3176,-676
2176,-3180,-680
2177,-3180,-678
2178,-3180,-684
2179,-3172,-684
2180,-3180,-684
2181,-3180,-674
2182,-3180,-678
2183,-3176,-672
2184,-3176,-674
2185,-3176,-674
2186,-3176,-676
2187,-3172,-680
2188,-3172,-682
2189,-3172,-680
2190,-3176,-678
2191,-3172,-682
2192,-3176,-684
2193,-3176,-680
2194,-3176,-682
2195,-3172,-690
2196,-3172,-690
2197,-3176,-686
2198,-3176,-686
2199,-3176,-688
2200,-3176,-686
2201,-3176,-684
2202,-3172,-688
2203,-3172,-690
2204,-3168,-686
2205,-3164,-686
2206,-3164,-682
2207,-3164,-686
2208,-3160,-686
2209,-3160,-692
2210,-3160,-688
2211,-3156,-696
2212,-3156,-688
2213,-3156,-694
2214,-3156,-690
2215,-3156,-690
2216,-3156,-690
2217,-3156,-686
2218,-3160,-684
2219,-3152,-690
2220,-3168,-676
2221,-3164,-678
2222,-3164,-678
2223,-3164,-680
2224,-3168,-682
2225,-3164,-682
2226,-3168,-682
2227,-3172,-684
2228,-3172,-678
2229,-3172,-682
2230,-3168,-676
2231,-3168,-678
2232,-3168,-674
2233,-3168,-676
2234,-3164,-672
2235,-3160,-674
2236,-3164,-674
2237,-3168,-670
2238,-3168,-672
2239,-3168,-672
2240,-3168,-674
2241,-3168,-674
2242,-3168,-676
2243,-3168,-676
2244,-3164,-682
2245,-3168,-682
2246,-3168,-680
2247,-3168,-680
2248,-3164,-678
2249,-3168,-672
2250,-3168,-674
2251,-3168,-672
2252,-3168,-674
2253,-3160,-670
2254,-3168,-670
2255,-3168,-670
2256,-3168,-676
2257,-3172,-674
2258,-3172,-678
2259,-3172,-678
2260,-3172,-680
2261,-3172,-678
2262,-3172,-684
2263,-3172,-684
2264,-3172,-682
2265,-3172,-682
2266,-3168,-674
2267,-3168,-680
2268,-3172,-678
2269,-3172,-684
2270,-3172,-684
2271,-3172,-682
2272,-3172,-684
2273,-3172,-686
2274,-3172,-688
2275,-3172,-684
2276,-3168,-692
2277,-3172,-686
2278,-3172,-686
2279,-3172,-690
2280,-3172,-686
2281,-3172,-686
2282,-3172,-688
2283,-3172,-684
2284,-3172,-690
2285,-3172,-686
2286,-3172,-686
2287,-3152,-678
2288,-3148,-676
2289,-3148,-676
2290,-3156,-680
2291,-3156,-672
2292,-3156,-668
2293,-3160,-678
2294,-3156,-682
2295,-3160,-674
2296,-3140,-682
2297,-3132,-686
2298,-3132,-694
2299,-3132,-694
2300,-3132,-690
2301,-3140,-696
2302,-3144,-692
2303,-3144,-686
2304,-3152,-684
2305,-3156,-680
2306,-3156,-676
2307,-3156,-678
2308,-3156,-680
2309,-3156,-680
2310,-3156,-674
2311,-3156,-672
2312,-3160,-668
2313,-3156,-674
2314,-3156,-676
2315,-3156,-678
2316,-3156,-682
2317,-3152,-676
2318,-3148,-680
2319,-3152,-670
2320,-3168,-668
2321,-3168,-668
2322,-3168,-668
2323,-3136,-676
2324,-3148,-666
2325,-3116,-670
2326,-3152,-654
2327,-3160,-652
2328,-3160,-654
2329,-3172,-654
2330,-3176,-656
2331,-3176,-652
2332,-3176,-654
2333,-3176,-660
2334,-3172,-662
2335,-3176,-656
2336,-3176,-652
2337,-3176,-646
2338,-3176,-650
2339,-3176,-650
2340,-3176,-648
2341,-3176,-650
2342,-3176,-646
2343,-3176,-648
2344,-3172,-654
2345,-3172,-650
2346,-3176,-648
2347,-3176,-652
2348,-3176,-654
2349,-3176,-646
2350,-3172,-650
2351,-3176,-648
2352,-3172,-648
2353,-3176,-652
2354,-3176,-656
2355,-3176,-660
2356,-3176,-658
2357,-3176,-652
2358,-3172,-652
2359,-3176,-658
2360,-3176,-660
2361,-3176,-658
2362,-3176,-662
2363,-3176,-658
2364,-3176,-660
2365,-3172,-656
2366,-3172,-654
2367,-3176,-658
2368,-3176,-656
2369,-3176,-658
2370,-3176,-656
2371,-3176,-658
2372,-3176,-664
2373,-3176,-660
2374,-3176,-658
2375,-3176,-658
2376,-3176,-662
2377,-3176,-664
2378,-3176,-660
2379,-3176,-660
2380,-3176,-654
2381,-3164,-658
2382,-3156,-666
2383,-3160,-668
2384,-3164,-662
2385,-3160,-668
2386,-3164,-662
2387,-3164,-668
2388,-3160,-662
2389,-3160,-660
2390,-3164,-662
2391,-3164,-666
2392,-3164,-664
2393,-3164,-662
2394,-3164,-664
2395,-3168,-660
2396,-3168,-660
2397,-3168,-666
2398,-3160,-662
2399,-3160,-658
2400,-3160,-666
2401,-3164,-662
2402,-3164,-664
2403,-3164,-668
2404,-3164,-670
2405,-3160,-666
2406,-3152,-664
2407,-3156,-662
2408,-3156,-668
2409,-3156,-670
2410,-3160,-662
2411,-3160,-662
2412,-3160,-668
2413,-3160,-668
2414,-3160,-666
2415,-3160,-668
2416,-3160,-666
2417,-3164,-662
2418,-3164,-666
2419,-3160,-668
2420,-3164,-670
2421,-3164,-672
2422,-3164,-670
2423,-3164,-670
2424,-3164,-668
2425,-3164,-666
2426,-3164,-662
2427,-3164,-664
2428,-3164,-664
2429,-3160,-658
2430,-3160,-658
2431,-3164,-658
2432,-3168,-660
2433,-3168,-668
2434,-3164,-664
2435,-3168,-660
2436,-3168,-664
2437,-3168,-662
2438,-3168,-674
2439,-3168,-670
2440,-3168,-664
2441,-3168,-668
2442,-3168,-668
2443,-3168,-670
2444,-3168,-668
2445,-3168,-670
2446,-3168,-664
2447,-3168,-668
2448,-3168,-672
2449,-3168,-672
2450,-3168,-674
2451,-3168,-672
2452,-3168,-668
2453,-3164,-668
2454,-3164,-670
2455,-3168,-672
2456,-3168,-666
2457,-3168,-660
2458,-3168,-668
2459,-3164,-672
2460,-3168,-668
2461,-3168,-672
2462,-3168,-668
2463,-3168,-666
2464,-3168,-664
2465,-3168,-666
2466,-3172,-658
2467,-3168,-662
2468,-3172,-666
2469,-3172,-658
2470,-3172,-658
2471,-3172,-660
2472,-3172,-664
2473,-3172,-664
2474,-3172,-666
2475,-3172,-660
2476,-3168,-660
2477,-3168,-664
2478,-3168,-662
2479,-3168,-668
2480,-3168,-662
2481,-3168,-662
2482,-3168,-668
2483,-3164,-668
2484,-3168,-664
2485,-3168,-664
2486,-3168,-666
2487,-3168,-668
2488,-3168,-664
2489,-3172,-664
2490,-3172,-666
2491,-3172,-668
2492,-3172,-666
2493,-3172,-666
2494,-3172,-666
2495,-3172,-668
2496,-3172,-666
2497,-3172,-666
2498,-3172,-662
2499,-3172,-666
2500,-3172,-666
2501,-3172,-662
2502,-3172,-662
2503,-3172,-668
2504,-3172,-666
2505,-3172,-664
2506,-3176,-666
2507,-3176,-666
2508,-3176,-664
2509,-3172,-668
2510,-3176,-666
2511,-3176,-666
2512,-3176,-656
2513,-3176,-660
2514,-3176,-666
2515,-3176,-658
2516,-3176,-662
2517,-3176,-658
2518,-3176,-662
2519,-3176,-668
2520,-3172,-658
2521,-3172,-664
2522,-3176,-660
2523,-3176,-670
2524,-3176,-666
2525,-3172,-664
2526,-3180,-656
2527,-3180,-656
2528,-3184,-660
2529,-3184,-658
2530,-3184,-660
2531,-3184,-664
2532,-3184,-658
2533,-3184,-662
2534,-3184,-658
2535,-3184,-660
2536,-3184,-660
2537,-3184,-654
2538,-3180,-660
2539,-3184,-652
2540,-3184,-656
2541,-3184,-658
2542,-3184,-660
2543,-3176,-662
2544,-3184,-660
2545,-3184,-662
2546,-3184,-662
2547,-3184,-664
2548,-3180,-666
2549,-3184,-662
2550,-3184,-660
2551,-3184,-660
2552,-3184,-662
2553,-3184,-662
2554,-3184,-660
2555,-3184,-660
2556,-3176,-662
2557,-3180,-656
2558,-3180,-664
2559,-3184,-664
2560,-3184,-666
2561,-3180,-668
2562,-3180,-660
2563,-3184,-664
2564,-3184,-662
2565,-3184,-668
2566,-3184,-664
2567,-3184,-662
2568,-3184,-664
2569,-3184,-668
2570,-3184,-670
2571,-3184,-670
2572,-3184,-672
2573,-3180,-670
2574,-3180,-666
2575,-3180,-670
2576,-3184,-662
2577,-3180,-666
2578,-3188,-664
2579,-3188,-670
2580,-3188,-664
2581,-3188,-668
2582,-3188,-672
2583,-3188,-666
2584,-3188,-666
2585,-3188,-668
2586,-3188,-668
2587,-3188,-666
2588,-3180,-666
2589,-3184,-666
2590,-3184,-668
2591,-3184,-662
2592,-3184,-668
2593,-3180,-666
2594,-3180,-666
2595,-3184,-662
2596,-3184,-664
2597,-3184,-668
2598,-3180,-670
2599,-3180,-678
2600,-3180,-680
2601,-3180,-674
2602,-3180,-676
2603,-3184,-670
2604,-3184,-676
2605,-3184,-670
2606,-3184,-668
2607,-3184,-670
2608,-3180,-674
2609,-3184,-668
2610,-3184,-674
2611,-3184,-672
2612,-3184,-672
2613,-3184,-672
2614,-3184,-672
2615,-3180,-674
2616,-3184,-678
2617,-3184,-672
2618,-3184,-672
2619,-3184,-674
2620,-3184,-676
2621,-3184,-670
2622,-3184,-670
2623,-3180,-676
2624,-3184,-666
2625,-3188,-672
2626,-3184,-662
2627,-3184,-666
2628,-3180,-666
2629,-3188,-666
2630,-3188,-668
2631,-3188,-664
2632,-3188,-666
2633,-3188,-662
2634,-3188,-662
2635,-3192,-660
2636,-3192,-660
2637,-3188,-660
2638,-3188,-662
2639,-3192,-666
2640,-3192,-666
2641,-3184,-658
2642,-3188,-664
2643,-3192,-666
2644,-3192,-670
2645,-3192,-666
2646,-3192,-668
2647,-3188,-670
2648,-3192,-670
2649,-3192,-672
2650,-3188,-666
2651,-3188,-662
2652,-3192,-664
2653,-3192,-668
2654,-3204,-668
2655,-3200,-670
2656,-3200,-664
2657,-3204,-672
2658,-3204,-674
2659,-3204,-672
2660,-3200,-672
2661,-3200,-668
2662,-3204,-672
2663,-3204,-668
2664,-3204,-672
2665,-3204,-672
2666,-3204,-670
2667,-3204,-670
2668,-3204,-674
2669,-3196,-670
2670,-3196,-672
2671,-3188,-668
2672,-3200,-662
2673,-3196,-670
2674,-3192,-668
2675,-3196,-676
2676,-3196,-674
2677,-3196,-672
2678,-3196,-664
2679,-3196,-672
2680,-3196,-674
2681,-3204,-664
2682,-3204,-666
2683,-3204,-664
2684,-3212,-662
2685,-3212,-662
2686,-3212,-666
2687,-3212,-666
2688,-3212,-668
2689,-3212,-668
2690,-3212,-670
2691,-3208,-674
2692,-3216,-666
2693,-3212,-672
2694,-3216,-668
2695,-3216,-664
2696,-3216,-662
2697,-3216,-666
2698,-3212,-664
2699,-3212,-670
2700,-3212,-668
2701,-3212,-668
2702,-3212,-666
2703,-3212,-666
2704,-3212,-668
2705,-3212,-670
2706,-3208,-672
2707,-3208,-676
2708,-3208,-672
2709,-3208,-674
2710,-3216,-672
2711,-3216,-668
2712,-3212,-666
2713,-3216,-668
2714,-3216,-664
2715,-3216,-666
2716,-3212,-668
2717,-3216,-664
2718,-3216,-664
2719,-3216,-664
2720,-3216,-666
2721,-3216,-664
2722,-3216,-668
2723,-3216,-670
2724,-3216,-672
2725,-3212,-672
2726,-3212,-672
2727,-3212,-674
2728,-3212,-676
2729,-3208,-678
2730,-3212,-672
2731,-3216,-668
2732,-3216,-668
2733,-3216,-672
2734,-3216,-666
2735,-3216,-672
2736,-3216,-668
2737,-3216,-670
2738,-3216,-668
2739,-3212,-670
2740,-3216,-670
2741,-3216,-672
2742,-3216,-670
2743,-3216,-672
2744,-3212,-672
2745,-3216,-668
2746,-3220,-670
2747,-3220,-670
2748,-3216,-676
2749,-3216,-674
2750,-3212,-674
2751,-3216,-672
2752,-3216,-674
2753,-3216,-674
2754,-3216,-674
2755,-3216,-676
2756,-3216,-676
2757,-3212,-672
2758,-3212,-668
2759,-3216,-670
2760,-3216,-668
2761,-3216,-668
2762,-3216,-666
2763,-3220,-668
2764,-3220,-668
2765,-3220,-666
2766,-3220,-668
2767,-3220,-664
2768,-3220,-664
2769,-3220,-664
2770,-3220,-664
2771,-3220,-666
2772,-3216,-670
2773,-3220,-668
2774,-3224,-664
2775,-3224,-660
2776,-3224,-662
2777,-3216,-672
2778,-3224,-668
2779,-3224,-664
2780,-3224,-666
2781,-3224,-668
2782,-3224,-666
2783,-3224,-666
2784,-3224,-666
2785,-3224,-666
2786,-3224,-668
2787,-3220,-670
2788,-3224,-668
2789,-3224,-666
2790,-3224,-666
2791,-3224,-668
2792,-3220,-662
2793,-3220,-668
2794,-3220,-668
2795,-3224,-668
2796,-3224,-668
2797,-3220,-666
2798,-3220,-668
2799,-3220,-668
2800,-3220,-668
2801,-3220,-668
2802,-3220,-668
2803,-3220,-670
2804,-3220,-670
2805,-3220,-668
2806,-3220,-664
2807,-3220,-662
2808,-3220,-660
2809,-3216,-662
2810,-3220,-662
2811,-3216,-668
2812,-3220,-664
2813,-3220,-664
2814,-3220,-658
2815,-3220,-658
2816,-3220,-660
2817,-3216,-658
2818,-3212,-656
2819,-3220,-662
2820,-3216,-658
2821,-3216,-660
2822,-3216,-664
2823,-3220,-670
2824,-3220,-670
2825,-3212,-666
2826,-3220,-666
2827,-3204,-670
2828,-3200,-684
2829,-3208,-686
2830,-3208,-686
2831,-3212,-690
2832,-3212,-690
2833,-3212,-698
2834,-3208,-692
2835,-3216,-692
2836,-3216,-688
2837,-3216,-686
2838,-3216,-694
2839,-3212,-690
2840,-3216,-690
2841,-3216,-688
2842,-3220,-690
2843,-3220,-686
2844,-3228,-682
2845,-3228,-684
2846,-3228,-682
2847,-3228,-682
2848,-3228,-680
2849,-3228,-684
2850,-3228,-678
2851,-3228,-682
2852,-3228,-684
2853,-3228,-682
2854,-3224,-686
2855,-3228,-680
2856,-3228,-684
2857,-3228,-686
2858,-3228,-686
2859,-3228,-690
2860,-3228,-692
2861,-3228,-690
2862,-3232,-686
2863,-3232,-688
2864,-3232,-688
2865,-3228,-684
2866,-3232,-692
2867,-3232,-690
2868,-3232,-686
2869,-3228,-682
2870,-3232,-686
2871,-3228,-686
2872,-3228,-682
2873,-3224,-680
2874,-3228,-690
2875,-3228,-690
2876,-3232,-688
2877,-3232,-684
2878,-3232,-684
2879,-3228,-688
2880,-3228,-686
2881,-3228,-694
2882,-3228,-688
2883,-3228,-694
2884,-3228,-692
2885,-3224,-690
2886,-3228,-692
2887,-3228,-694
2888,-3228,-692
2889,-3228,-686
2890,-3224,-690
2891,-3220,-684
2892,-3224,-692
2893,-3224,-688
2894,-3224,-686
2895,-3224,-684
2896,-3220,-688
2897,-3224,-690
2898,-3224,-688
2899,-3220,-692
2900,-3224,-688
2901,-3224,-692
2902,-3224,-690
2903,-3224,-688
2904,-3228,-690
2905,-3228,-690
2906,-3228,-688
2907,-3228,-690
2908,-3228,-686
2909,-3228,-694
2910,-3228,-688
2911,-3228,-692
2912,-3228,-690
2913,-3228,-686
2914,-3228,-686
2915,-3228,-690
2916,-3228,-684
2917,-3224,-686
2918,-3228,-686
2919,-3224,-684
2920,-3228,-680
2921,-3228,-684
2922,-3228,-686
2923,-3228,-682
2924,-3224,-684
2925,-3228,-688
2926,-3228,-684
2927,-3228,-688
2928,-3228,-680
2929,-3228,-690
2930,-3228,-688
2931,-3228,-682
2932,-3228,-688
2933,-3228,-688
2934,-3228,-692
2935,-3228,-690
2936,-3228,-692
2937,-3228,-686
2938,-3228,-692
2939,-3228,-692
2940,-3228,-686
2941,-3228,-690
2942,-3228,-688
2943,-3228,-690
2944,-3228,-692
2945,-3228,-692
2946,-3228,-692
2947,-3228,-694
2948,-3228,-694
2949,-3228,-694
2950,-3228,-690
2951,-3228,-694
2952,-3228,-690
2953,-3228,-692
2954,-3228,-690
2955,-3228,-694
2956,-3228,-692
2957,-3228,-692
2958,-3228,-690
2959,-3228,-688
2960,-3228,-694
2961,-3228,-696
2962,-3228,-696
2963,-3228,-690
2964,-3228,-686
2965,-3228,-690
2966,-3224,-694
2967,-3228,-694
2968,-3228,-694
2969,-3228,-696
2970,-3224,-696
2971,-3228,-690
2972,-3228,-690
2973,-3228,-692
2974,-3224,-696
2975,-3224,-690
2976,-3224,-688
2977,-3224,-690
2978,-3224,-690
2979,-3224,-688
2980,-3224,-688
2981,-3228,-686
2982,-3228,-682
2983,-3224,-684
2984,-3224,-686
2985,-3224,-688
2986,-3224,-688
2987,-3224,-688
2988,-3224,-692
2989,-3224,-690
2990,-3224,-692
2991,-3232,-694
2992,-3236,-694
2993,-3236,-690
2994,-3236,-696
2995,-3232,-694
2996,-3236,-698
2997,-3236,-698
2998,-3236,-694
2999,-3236,-694
3000,-3236,-700
3001,-3236,-700
3002,-3236,-696
3003,-3232,-694
3004,-3236,-696
3005,-3236,-694
3006,-3232,-690
3007,-3232,-690
3008,-3236,-692
3009,-3236,-690
3010,-3236,-690
3011,-3236,-690
3012,-3236,-690
3013,-3232,-692
3014,-3236,-698
3015,-3236,-694
3016,-3236,-692
3017,-3232,-692
3018,-3228,-698
3019,-3228,-696
3020,-3232,-696
3021,-3228,-690
3022,-3232,-696
3023,-3232,-694
3024,-3232,-698
3025,-3232,-698
3026,-3232,-692
3027,-3232,-694
3028,-3232,-690
3029,-3236,-688
3030,-3236,-686
3031,-3236,-686
3032,-3236,-684
3033,-3236,-690
3034,-3244,-680
3035,-3244,-684
3036,-3244,-688
3037,-3244,-686
3038,-3244,-688
3039,-3244,-686
3040,-3244,-686
3041,-3244,-682
3042,-3244,-684
3043,-3244,-684
3044,-3244,-680
3045,-3244,-680
3046,-3244,-688
3047,-3244,-686
3048,-3244,-682
3049,-3244,-680
3050,-3240,-676
3051,-3244,-676
3052,-3244,-680
3053,-3244,-676
3054,-3244,-678
3055,-3244,-678
3056,-3240,-684
3057,-3240,-678
3058,-3236,-676
3059,-3236,-678
3060,-3240,-682
3061,-3240,-682
3062,-3240,-690
3063,-3240,-690
3064,-3240,-690
3065,-3236,-686
3066,-3236,-680
3067,-3240,-688
3068,-3240,-694
3069,-3240,-690
3070,-3240,-688
3071,-3240,-688
3072,-3236,-690
3073,-3236,-686
3074,-3236,-684
3075,-3236,-682
3076,-3236,-686
3077,-3240,-684
3078,-3244,-684
3079,-3244,-684
3080,-3244,-686
3081,-3244,-678
3082,-3244,-682
3083,-3240,-688
3084,-3244,-686
3085,-3244,-684
3086,-3244,-684
3087,-3244,-684
3088,-3244,-684
3089,-3244,-682
3090,-3240,-678
3091,-3232,-678
3092,-3240,-680
3093,-3236,-680
3094,-3244,-680
3095,-3244,-678
3096,-3244,-674
3097,-3244,-672
3098,-3240,-666
3099,-3236,-678
3100,-3232,-678
3101,-3232,-684
3102,-3232,-682
3103,-3232,-680
3104,-3232,-682
3105,-3232,-680
3106,-3240,-678
3107,-3240,-680
3108,-3240,-678
3109,-3244,-676
3110,-3244,-678
3111,-3240,-680
3112,-3244,-676
3113,-3244,-678
3114,-3244,-678
3115,-3236,-676
3116,-3240,-680
3117,-3240,-676
3118,-3240,-678
3119,-3240,-678
3120,-3240,-682
3121,-3240,-678
3122,-3240,-680
3123,-3240,-674
3124,-3240,-674
3125,-3240,-674
3126,-3240,-674
3127,-3240,-670
3128,-3240,-674
3129,-3240,-672
3130,-3244,-672
3131,-3240,-670
3132,-3240,-674
3133,-3236,-678
3134,-3244,-676
3135,-3248,-678
3136,-3244,-678
3137,-3248,-680
3138,-3244,-680
3139,-3244,-680
3140,-3248,-680
3141,-3248,-680
3142,-3248,-678
3143,-3248,-678
3144,-3248,-680
3145,-3244,-678
3146,-3244,-678
3147,-3244,-676
3148,-3248,-682
3149,-3244,-678
3150,-3248,-684
3151,-3244,-684
3152,-3248,-686
3153,-3248,-686
3154,-3248,-684
3155,-3248,-682
3156,-3248,-684
3157,-3244,-682
3158,-3244,-682
3159,-3248,-682
3160,-3248,-682
3161,-3244,-680
3162,-3248,-684
3163,-3248,-678
3164,-3248,-680
3165,-3244,-680
3166,-3248,-678
3167,-3248,-680
3168,-3244,-678
3169,-3248,-678
3170,-3248,-682
3171,-3248,-680
3172,-3248,-678
3173,-3248,-674
3174,-3248,-674
3175,-3248,-676
3176,-3248,-680
3177,-3248,-682
3178,-3248,-686
3179,-3244,-686
3180,-3248,-688
3181,-3248,-688
3182,-3248,-688
3183,-3248,-680
3184,-3248,-682
3185,-3248,-686
3186,-3244,-672
3187,-3240,-682
3188,-3244,-680
3189,-3244,-678
3190,-3248,-682
3191,-3248,-684
3192,-3248,-686
3193,-3248,-684
3194,-3248,-688
3195,-3248,-686
3196,-3248,-682
3197,-3248,-680
3198,-3248,-680
3199,-3252,-676
3200,-3252,-674
3201,-3256,-680
3202,-3256,-678
3203,-3256,-680
3204,-3256,-682
3205,-3256,-682
3206,-3256,-678
3207,-3256,-676
3208,-3256,-676
3209,-3256,-676
3210,-3256,-674
3211,-3256,-680
3212,-3256,-680
3213,-3256,-678
3214,-3252,-684
3215,-3256,-676
3216,-3256,-678
3217,-3256,-678
3218,-3252,-678
3219,-3256,-678
3220,-3256,-678
3221,-3252,-680
3222,-3252,-684
3223,-3252,-678
3224,-3252,-680
3225,-3256,-678
3226,-3248,-680
3227,-3252,-680
3228,-3252,-680
3229,-3248,-680
3230,-3252,-678
3231,-3252,-680
3232,-3252,-680
3233,-3252,-680
3234,-3252,-684
3235,-3252,-680
3236,-3252,-684
3237,-3252,-678
3238,-3252,-678
3239,-3252,-680
3240,-3252,-684
3241,-3252,-684
3242,-3252,-682
3243,-3252,-684
3244,-3252,-678
3245,-3256,-674
3246,-3252,-678
3247,-3252,-678
3248,-3252,-678
3249,-3252,-678
3250,-3252,-678
3251,-3248,-676
3252,-3252,-678
3253,-3252,-676
3254,-3252,-680
3255,-3252,-678
3256,-3248,-678
3257,-3252,-680
3258,-3252,-680
3259,-3252,-682
3260,-3244,-678
3261,-3244,-686
3262,-3248,-686
3263,-3248,-688
3264,-3252,-694
3265,-3252,-692
3266,-3252,-692
3267,-3252,-690
3268,-3252,-690
3269,-3252,-690
3270,-3252,-694
3271,-3252,-692
3272,-3252,-694
3273,-3252,-692
3274,-3244,-688
3275,-3248,-690
3276,-3244,-692
3277,-3248,-690
3278,-3252,-690
3279,-3252,-686
3280,-3252,-690
3281,-3244,-692
3282,-3248,-694
3283,-3248,-694
3284,-3248,-692
3285,-3248,-690
3286,-3248,-690
3287,-3248,-690
3288,-3248,-696
3289,-3252,-696
3290,-3252,-698
3291,-3252,-698
3292,-3252,-694
3293,-3252,-690
3294,-3252,-692
3295,-3252,-692
3296,-3256,-696
3297,-3256,-696
3298,-3252,-698
3299,-3256,-700
3300,-3256,-692
3301,-3248,-694
3302,-3248,-694
3303,-3248,-690
3304,-3252,-700
3305,-3252,-700
3306,-3252,-700
3307,-3256,-698
3308,-3256,-696
3309,-3256,-698
3310,-3256,-700
3311,-3256,-702
3312,-3256,-706
3313,-3256,-704
3314,-3256,-704
3315,-3252,-704
3316,-3256,-698
3317,-3252,-700
3318,-3256,-698
3319,-3252,-698
3320,-3252,-698
3321,-3248,-700
3322,-3248,-702
3323,-3248,-704
3324,-3252,-694
3325,-3248,-696
3326,-3252,-696
3327,-3252,-692
3328,-3252,-692
3329,-3252,-692
3330,-3252,-692
3331,-3252,-692
3332,-3252,-692
3333,-3252,-694
3334,-3252,-688
3335,-3252,-690
3336,-3252,-692
3337,-3252,-692
3338,-3252,-688
3339,-3252,-688
3340,-3252,-686
3341,-3252,-690
3342,-3252,-688
3343,-3252,-690
3344,-3252,-692
3345,-3252,-690
3346,-3252,-694
3347,-3252,-690
3348,-3252,-690
3349,-3252,-696
3350,-3252,-692
3351,-3252,-696
3352,-3252,-694
3353,-3248,-690
3354,-3252,-692
3355,-3252,-690
3356,-3252,-694
3357,-3252,-692
3358,-3252,-696
3359,-3252,-700
3360,-3252,-696
3361,-3252,-698
3362,-3252,-698
3363,-3252,-696
3364,-3252,-700
3365,-3252,-696
3366,-3252,-694
3367,-3252,-696
3368,-3252,-696
3369,-3252,-696
3370,-3252,-696
3371,-3252,-696
3372,-3252,-696
3373,-3252,-696
3374,-3252,-696
3375,-3256,-694
3376,-3256,-694
3377,-3256,-698
3378,-3256,-696
3379,-3256,-694
3380,-3256,-694
3381,-3256,-694
3382,-3256,-688
3383,-3256,-688
3384,-3256,-690
3385,-3256,-696
3386,-3256,-694
3387,-3256,-694
3388,-3256,-694
3389,-3256,-694
3390,-3256,-696
3391,-3256,-694
3392,-3256,-694
3393,-3252,-698
3394,-3256,-694
3395,-3256,-698
3396,-3256,-700
3397,-3256,-698
3398,-3256,-694
3399,-3260,-696
3400,-3256,-698
3401,-3256,-698
3402,-3256,-700
3403,-3252,-702
3404,-3256,-702
3405,-3224,-684
3406,-3224,-680
3407,-3220,-686
3408,-3208,-686
3409,-3212,-680
3410,-3212,-690
3411,-3212,-686
3412,-3204,-682
3413,-3204,-680
3414,-3208,-678
3415,-3216,-682
3416,-3216,-684
3417,-3212,-682
3418,-3196,-688
3419,-3192,-696
3420,-3188,-690
3421,-3176,-692
3422,-3176,-692
3423,-3172,-696
3424,-3196,-698
3425,-3196,-696
3426,-3196,-690
3427,-3204,-692
3428,-3204,-696
3429,-3212,-690
3430,-3204,-700
3431,-3200,-700
3432,-3204,-694
3433,-3200,-686
3434,-3204,-692
3435,-3204,-686
3436,-3192,-688
3437,-3192,-684
3438,-3180,-692
3439,-3176,-688
3440,-3180,-688
3441,-3192,-682
3442,-3176,-682
3443,-3188,-682
3444,-3192,-688
3445,-3180,-696
3446,-3180,-684
3447,-3180,-698
3448,-3180,-688
3449,-3180,-682
3450,-3180,-680
3451,-3184,-680
3452,-3180,-688
3453,-3184,-680
3454,-3188,-678
3455,-3180,-680
3456,-3184,-674
3457,-3188,-672
3458,-3196,-676
3459,-3196,-676
3460,-3196,-668
3461,-3196,-676
3462,-3188,-680
3463,-3196,-672
3464,-3200,-670
3465,-3212,-678
3466,-3212,-674
3467,-3212,-672
3468,-3216,-676
3469,-3216,-676
3470,-3220,-678
3471,-3224,-678
3472,-3224,-674
3473,-3224,-674
3474,-3224,-676
3475,-3224,-676
3476,-3224,-672
3477,-3224,-674
3478,-3220,-676
3479,-3220,-670
3480,-3224,-668
3481,-3224,-672
3482,-3224,-678
3483,-3224,-680
3484,-3224,-678
3485,-3208,-680
3486,-3200,-672
3487,-3200,-674
3488,-3204,-678
3489,-3200,-676
3490,-3196,-678
3491,-3208,-672
3492,-3212,-676
3493,-3212,-676
3494,-3212,-678
3495,-3212,-674
3496,-3208,-670
3497,-3208,-672
3498,-3208,-676
3499,-3204,-670
3500,-3212,-676
3501,-3212,-680
3502,-3212,-678
3503,-3212,-680
3504,-3212,-680
3505,-3216,-674
3506,-3216,-674
3507,-3216,-670
3508,-3212,-668
3509,-3212,-668
3510,-3216,-664
3511,-3216,-668
3512,-3216,-662
3513,-3216,-666
3514,-3216,-658
3515,-3216,-662
3516,-3216,-664
3517,-3212,-670
3518,-3220,-666
3519,-3216,-674
3520,-3216,-670
3521,-3216,-670
3522,-3216,-664
3523,-3220,-662
3524,-3220,-656
3525,-3220,-658
3526,-3220,-670
3527,-3224,-668
3528,-3228,-662
3529,-3232,-662
3530,-3228,-664
3531,-3232,-670
3532,-3236,-662
3533,-3232,-664
3534,-3232,-662
3535,-3232,-662
3536,-3232,-662
3537,-3232,-662
3538,-3232,-658
3539,-3232,-660
3540,-3232,-656
3541,-3232,-662
3542,-3232,-660
3543,-3232,-664
3544,-3236,-660
3545,-3236,-664
3546,-3236,-662
3547,-3236,-660
3548,-3236,-658
3549,-3236,-656
3550,-3236,-656
3551,-3236,-654
3552,-3240,-662
3553,-3240,-666
3554,-3240,-662
3555,-3240,-664
3556,-3244,-660
3557,-3240,-652
3558,-3240,-658
3559,-3240,-656
3560,-3240,-654
3561,-3236,-648
3562,-3240,-654
3563,-3240,-654
3564,-3240,-652
3565,-3240,-654
3566,-3240,-652
3567,-3240,-650
3568,-3244,-656
3569,-3244,-662
3570,-3244,-656
3571,-3244,-658
3572,-3244,-656
3573,-3244,-658
3574,-3240,-662
3575,-3244,-654
3576,-3244,-662
3577,-3244,-662
3578,-3244,-654
3579,-3244,-656
3580,-3244,-664
3581,-3244,-664
3582,-3240,-664
3583,-3240,-660
3584,-3240,-660
3585,-3240,-662
3586,-3236,-658
3587,-3240,-656
3588,-3240,-656
3589,-3240,-654
3590,-3240,-656
3591,-3244,-658
3592,-3244,-660
3593,-3240,-660
3594,-3232,-654
3595,-3212,-648
3596,-3228,-644
3597,-3224,-650
3598,-3232,-648
3599,-3236,-654
3600,-3236,-664
3601,-3236,-668
3602,-3236,-654
3603,-3240,-662
3604,-3240,-654
3605,-3240,-658
3606,-3236,-662
3607,-3232,-660
3608,-3236,-654
3609,-3236,-656
3610,-3236,-652
3611,-3236,-658
3612,-3236,-654
3613,-3240,-658
3614,-3240,-656
3615,-3240,-656
3616,-3240,-660
3617,-3232,-660
3618,-3240,-652
3619,-3240,-658
3620,-3244,-662
3621,-3244,-656
3622,-3248,-646
3623,-3248,-650
3624,-3248,-654
3625,-3248,-654
3626,-3244,-660
3627,-3248,-652
3628,-3248,-648
3629,-3248,-654
3630,-3244,-654
3631,-3248,-656
3632,-3244,-648
3633,-3244,-658
3634,-3248,-652
3635,-3248,-654
3636,-3244,-656
3637,-3244,-652
3638,-3236,-650
3639,-3228,-650
3640,-3244,-652
3641,-3244,-654
3642,-3240,-652
3643,-3244,-652
3644,-3244,-648
3645,-3244,-654
3646,-3248,-650
3647,-3248,-654
3648,-3240,-660
3649,-3244,-656
3650,-3244,-652
3651,-3244,-648
3652,-3248,-648
3653,-3240,-648
3654,-3240,-658
3655,-3240,-650
3656,-3244,-652
3657,-3244,-650
3658,-3244,-654
3659,-3240,-658
3660,-3240,-646
3661,-3240,-646
3662,-3244,-658
3663,-3244,-654
3664,-3248,-658
3665,-3248,-658
3666,-3248,-660
3667,-3248,-654
3668,-3252,-656
3669,-3252,-652
3670,-3252,-660
3671,-3252,-658
3672,-3252,-664
3673,-3248,-662
3674,-3248,-662
3675,-3248,-662
3676,-3248,-654
3677,-3248,-662
3678,-3248,-656
3679,-3248,-660
3680,-3248,-656
3681,-3248,-660
3682,-3248,-652
3683,-3248,-656
3684,-3248,-652
3685,-3248,-654
3686,-3240,-658
3687,-3244,-660
3688,-3248,-662
3689,-3248,-658
3690,-3248,-668
3691,-3248,-656
3692,-3248,-660
3693,-3248,-656
3694,-3244,-654
3695,-3244,-664
3696,-3244,-662
3697,-3244,-658
3698,-3240,-658
3699,-3244,-664
3700,-3244,-658
3701,-3244,-664
3702,-3244,-664
3703,-3244,-658
3704,-3244,-662
3705,-3244,-660
3706,-3244,-662
3707,-3244,-656
3708,-3240,-658
3709,-3244,-656
3710,-3248,-654
3711,-3248,-656
3712,-3244,-656
3713,-3236,-664
3714,-3240,-658
3715,-3240,-662
3716,-3248,-668
3717,-3252,-662
3718,-3252,-662
3719,-3252,-662
3720,-3252,-652
3721,-3252,-650
3722,-3252,-656
3723,-3248,-656
3724,-3248,-658
3725,-3244,-662
3726,-3248,-660
3727,-3248,-664
3728,-3244,-664
3729,-3244,-666
3730,-3240,-672
3731,-3236,-664
3732,-3244,-672
3733,-3244,-664
3734,-3244,-670
3735,-3244,-664
3736,-3244,-658
3737,-3244,-662
3738,-3244,-668
3739,-3244,-660
3740,-3244,-660
3741,-3248,-654
3742,-3248,-660
3743,-3248,-656
3744,-3244,-658
3745,-3244,-658
3746,-3244,-658
3747,-3244,-654
3748,-3244,-660
3749,-3236,-658
3750,-3240,-658
3751,-3244,-660
3752,-3244,-660
3753,-3244,-658
3754,-3244,-662
3755,-3240,-660
3756,-3236,-660
3757,-3224,-664
3758,-3212,-662
3759,-3216,-668
3760,-3220,-672
3761,-3216,-664
3762,-3228,-658
3763,-3228,-660
3764,-3240,-656
3765,-3228,-662
3766,-3232,-660
3767,-3236,-652
3768,-3240,-660
3769,-3240,-656
3770,-3240,-656
3771,-3240,-656
3772,-3244,-652
3773,-3236,-662
3774,-3248,-654
3775,-3248,-654
3776,-3248,-650
3777,-3248,-654
3778,-3248,-652
3779,-3252,-652
3780,-3252,-650
3781,-3252,-650
3782,-3252,-656
3783,-3252,-650
3784,-3252,-648
3785,-3252,-652
3786,-3252,-654
3787,-3252,-646
3788,-3252,-646
3789,-3248,-646
3790,-3248,-644
3791,-3248,-648
3792,-3248,-646
3793,-3248,-648
3794,-3248,-652
3795,-3248,-654
3796,-3244,-656
3797,-3248,-656
3798,-3248,-656
3799,-3248,-650
3800,-3248,-650
3801,-3248,-646
3802,-3252,-652
3803,-3252,-652
3804,-3252,-650
3805,-3252,-652
3806,-3256,-644
3807,-3252,-642
3808,-3252,-648
3809,-3252,-648
3810,-3252,-646
3811,-3252,-648
3812,-3252,-648
3813,-3244,-638
3814,-3248,-648
3815,-3244,-640
3816,-3224,-646
3817,-3232,-654
3818,-3224,-654
3819,-3236,-656
3820,-3236,-646
3821,-3228,-644
3822,-3232,-648
3823,-3240,-648
3824,-3232,-642
3825,-3228,-640
3826,-3220,-632
3827,-3224,-642
3828,-3212,-642
3829,-3224,-636
3830,-3224,-646
3831,-3224,-644
3832,-3224,-640
3833,-3224,-640
3834,-3224,-638
3835,-3224,-634
3836,-3224,-646
3837,-3212,-646
3838,-3232,-638
3839,-3228,-642
3840,-3228,-640
3841,-3224,-640
3842,-3228,-648
3843,-3232,-640
3844,-3224,-646
3845,-3228,-652
3846,-3228,-652
3847,-3220,-652
3848,-3228,-648
3849,-3236,-648
3850,-3240,-650
3851,-3228,-654
3852,-3228,-646
3853,-3232,-650
3854,-3236,-646
3855,-3236,-652
3856,-3236,-646
3857,-3236,-652
3858,-3232,-654
3859,-3232,-656
3860,-3232,-652
3861,-3236,-650
3862,-3240,-650
3863,-3240,-648
3864,-3244,-648
3865,-3244,-650
3866,-3252,-644
3867,-3252,-638
3868,-3252,-640
3869,-3252,-636
3870,-3252,-638
3871,-3248,-634
3872,-3248,-636
3873,-3248,-634
3874,-3248,-630
3875,-3248,-626
3876,-3248,-626
3877,-3248,-632
3878,-3252,-628
3879,-3252,-632
3880,-3252,-632
3881,-3252,-628
3882,-3252,-628
3883,-3252,-630
3884,-3252,-630
3885,-3252,-626
3886,-3252,-628
3887,-3252,-630
3888,-3252,-634
3889,-3248,-632
3890,-3248,-630
3891,-3248,-626
3892,-3248,-626
3893,-3248,-620
3894,-3248,-622
3895,-3248,-620
3896,-3244,-624
3897,-3248,-622
3898,-3252,-624
3899,-3252,-628
3900,-3252,-622
3901,-3248,-624
3902,-3248,-616
3903,-3248,-624
3904,-3248,-624
3905,-3248,-618
3906,-3244,-620
3907,-3248,-624
3908,-3248,-626
3909,-3244,-630
3910,-3252,-630
3911,-3248,-622
3912,-3252,-628
3913,-3252,-636
3914,-3252,-628
3915,-3252,-632
3916,-3252,-630
3917,-3252,-634
3918,-3252,-636
3919,-3252,-632
3920,-3248,-634
3921,-3248,-632
3922,-3244,-632
3923,-3244,-634
3924,-3248,-632
3925,-3248,-630
3926,-3252,-636
3927,-3252,-634
3928,-3256,-638
3929,-3256,-634
3930,-3256,-632
3931,-3256,-634
3932,-3256,-640
3933,-3256,-636
3934,-3252,-636
3935,-3252,-636
3936,-3256,-640
3937,-3256,-638
3938,-3252,-640
3939,-3256,-636
3940,-3256,-634
3941,-3256,-628
3942,-3256,-634
3943,-3260,-636
3944,-3260,-630
3945,-3256,-638
3946,-3260,-634
3947,-3260,-640
3948,-3260,-636
3949,-3260,-638
3950,-3260,-636
3951,-3260,-632
3952,-3260,-632
3953,-3260,-634
3954,-3260,-628
3955,-3260,-636
3956,-3260,-636
3957,-3260,-642
3958,-3260,-632
3959,-3256,-636
3960,-3256,-632
3961,-3256,-634
3962,-3256,-638
3963,-3256,-642
3964,-3260,-636
3965,-3260,-638
3966,-3260,-638
3967,-3260,-642
3968,-3260,-634
3969,-3260,-640
3970,-3260,-634
3971,-3260,-642
3972,-3256,-640
3973,-3260,-644
3974,-3260,-642
3975,-3264,-636
3976,-3264,-636
3977,-3264,-630
3978,-3264,-636
3979,-3260,-632
3980,-3264,-632
3981,-3264,-632
3982,-3264,-636
3983,-3264,-632
3984,-3264,-632
3985,-3264,-632
3986,-3260,-632
3987,-3260,-634
3988,-3260,-636
3989,-3264,-634
3990,-3260,-628
3991,-3260,-634
3992,-3264,-638
3993,-3264,-634
3994,-3264,-636
3995,-3268,-624
3996,-3272,-626
3997,-3272,-620
3998,-3268,-624
3999,-3272,-624
4000,-3272,-628
4001,-3272,-628
4002,-3272,-624
4003,-3272,-628
4004,-3272,-636
4005,-3272,-638
4006,-3268,-640
4007,-3268,-636
4008,-3268,-638
4009,-3268,-640
4010,-3268,-638
4011,-3268,-638
4012,-3268,-638
4013,-3272,-632
4014,-3272,-634
4015,-3268,-640
4016,-3272,-642
4017,-3272,-644
4018,-3272,-642
4019,-3272,-642
4020,-3272,-636
4021,-3272,-638
4022,-3268,-638
4023,-3272,-636
4024,-3272,-638
4025,-3272,-638
4026,-3272,-636
4027,-3272,-638
4028,-3272,-640
4029,-3280,-638
4030,-3272,-628
4031,-3268,-626
4032,-3272,-622
4033,-3276,-622
4034,-3276,-626
4035,-3276,-622
4036,-3280,-626
4037,-3284,-626
4038,-3284,-618
4039,-3284,-622
4040,-3284,-622
4041,-3276,-622
4042,-3280,-614
4043,-3284,-614
4044,-3284,-614
4045,-3284,-614
4046,-3284,-622
4047,-3284,-622
4048,-3284,-620
4049,-3284,-618
4050,-3284,-618
4051,-3284,-616
4052,-3284,-612
4053,-3280,-620
4054,-3284,-618
4055,-3284,-618
4056,-3284,-618
4057,-3284,-618
4058,-3288,-614
4059,-3284,-618
4060,-3288,-620
4061,-3284,-626
4062,-3288,-618
4063,-3288,-616
4064,-3288,-618
4065,-3288,-618
4066,-3288,-612
4067,-3288,-616
4068,-3288,-614
4069,-3288,-622
4070,-3288,-614
4071,-3288,-620
4072,-3284,-620
4073,-3284,-624
4074,-3288,-618
4075,-3284,-616
4076,-3288,-622
4077,-3292,-620
4078,-3288,-628
4079,-3288,-624
4080,-3292,-618
4081,-3292,-622
4082,-3292,-620
4083,-3292,-620
4084,-3292,-626
4085,-3292,-620
4086,-3292,-620
4087,-3292,-616
4088,-3292,-622
4089,-3292,-626
4090,-3292,-624
4091,-3292,-618
4092,-3292,-624
4093,-3292,-624
4094,-3292,-620
4095,-3292,-620
4096,-3292,-624
4097,-3292,-624
4098,-3292,-620
4099,-3292,-628
4100,-3288,-624
4101,-3288,-622
4102,-3288,-624
4103,-3288,-620
4104,-3292,-622
4105,-3292,-622
4106,-3292,-622
4107,-3292,-624
4108,-3288,-622
4109,-3288,-622
4110,-3288,-620
4111,-3288,-618
4112,-3288,-618
4113,-3288,-614
4114,-3284,-620
4115,-3284,-616
4116,-3288,-618
4117,-3288,-620
4118,-3288,-620
4119,-3292,-622
4120,-3292,-624
4121,-3292,-628
4122,-3288,-626
4123,-3292,-628
4124,-3292,-628
4125,-3292,-630
4126,-3292,-630
4127,-3288,-634
4128,-3288,-634
4129,-3284,-638
4130,-3284,-638
4131,-3288,-634
4132,-3288,-634
4133,-3288,-632
4134,-3288,-632
4135,-3288,-636
4136,-3288,-634
4137,-3288,-630
4138,-3288,-632
4139,-3288,-634
4140,-3288,-636
4141,-3284,-630
4142,-3288,-632
4143,-3284,-636
4144,-3280,-638
4145,-3280,-636
4146,-3284,-636
4147,-3288,-630
4148,-3288,-628
4149,-3280,-628
4150,-3284,-632
4151,-3284,-620
4152,-3284,-624
4153,-3284,-622
4154,-3288,-624
4155,-3288,-626
4156,-3284,-628
4157,-3288,-628
4158,-3288,-626
4159,-3284,-628
4160,-3288,-624
4161,-3288,-626
4162,-3288,-628
4163,-3288,-628
4164,-3288,-620
4165,-3288,-620
4166,-3288,-620
4167,-3288,-622
4168,-3288,-624
4169,-3288,-626
4170,-3288,-628
4171,-3288,-622
4172,-3288,-620
4173,-3288,-620
4174,-3280,-622
4175,-3288,-622
4176,-3288,-624
4177,-3288,-630
4178,-3284,-628
4179,-3288,-624
4180,-3288,-628
4181,-3288,-628
4182,-3284,-626
4183,-3284,-628
4184,-3284,-640
4185,-3288,-632
4186,-3288,-634
4187,-3288,-630
4188,-3288,-630
4189,-3288,-632
4190,-3288,-634
4191,-3288,-632
4192,-3284,-636
4193,-3284,-636
4194,-3288,-630
4195,-3284,-630
4196,-3288,-630
4197,-3288,-630
4198,-3280,-630
4199,-3280,-634
4200,-3280,-636
4201,-3280,-634
4202,-3284,-632
4203,-3288,-630
4204,-3288,-634
4205,-3288,-632
4206,-3288,-632
4207,-3288,-634
4208,-3268,-644
4209,-3268,-634
4210,-3272,-638
4211,-3276,-634
4212,-3276,-638
4213,-3276,-636
4214,-3276,-642
4215,-3280,-644
4216,-3280,-644
4217,-3280,-638
4218,-3276,-646
4219,-3284,-642
4220,-3280,-640
4221,-3280,-646
4222,-3280,-646
4223,-3280,-644
4224,-3280,-646
4225,-3280,-644
4226,-3280,-638
4227,-3280,-638
4228,-3280,-638
4229,-3280,-638
4230,-3280,-642
4231,-3280,-644
4232,-3280,-644
4233,-3276,-644
4234,-3276,-644
4235,-3280,-644
4236,-3276,-646
4237,-3276,-648
4238,-3276,-646
4239,-3276,-646
4240,-3280,-644
4241,-3276,-642
4242,-3268,-646
4243,-3276,-642
4244,-3272,-638
4245,-3268,-638
4246,-3272,-638
4247,-3276,-638
4248,-3272,-638
4249,-3272,-636
4250,-3268,-642
4251,-3268,-640
4252,-3268,-634
4253,-3272,-640
4254,-3268,-640
4255,-3276,-638
4256,-3276,-638
4257,-3280,-638
4258,-3276,-636
4259,-3276,-634
4260,-3276,-632
4261,-3276,-634
4262,-3260,-646
4263,-3268,-634
4264,-3268,-636
4265,-3272,-632
4266,-3276,-634
4267,-3276,-630
4268,-3276,-628
4269,-3276,-628
4270,-3272,-630
4271,-3284,-622
4272,-3280,-620
4273,-3276,-628
4274,-3280,-620
4275,-3272,-624
4276,-3268,-630
4277,-3260,-630
4278,-3272,-624
4279,-3264,-624
4280,-3272,-626
4281,-3256,-624
4282,-3264,-630
4283,-3256,-630
4284,-3272,-624
4285,-3272,-626
4286,-3272,-620
4287,-3260,-614
4288,-3264,-618
4289,-3268,-620
4290,-3268,-618
4291,-3260,-624
4292,-3264,-620
4293,-3268,-620
4294,-3264,-632
4295,-3260,-628
4296,-3260,-618
4297,-3252,-624
4298,-3260,-618
4299,-3244,-624
4300,-3256,-616
4301,-3248,-626
4302,-3264,-620
4303,-3260,-620
4304,-3252,-618
4305,-3260,-610
4306,-3236,-616
4307,-3244,-618
4308,-3252,-620
4309,-3244,-628
4310,-3244,-632
4311,-3248,-632
4312,-3232,-632
4313,-3256,-616
4314,-3252,-628
4315,-3240,-628
4316,-3260,-626
4317,-3252,-634
4318,-3256,-628
4319,-3252,-626
4320,-3256,-630
4321,-3244,-634
4322,-3248,-634
4323,-3236,-630
4324,-3252,-624
4325,-3252,-632
4326,-3248,-628
4327,-3244,-626
4328,-3248,-626
4329,-3244,-624
4330,-3236,-644
4331,-3252,-628
4332,-3244,-626
4333,-3256,-628
4334,-3244,-640
4335,-3248,-636
4336,-3244,-632
4337,-3248,-628
4338,-3240,-628
4339,-3240,-634
4340,-3240,-634
4341,-3248,-632
4342,-3232,-636
4343,-3236,-630
4344,-3220,-636
4345,-3236,-632
4346,-3240,-628
4347,-3240,-626
4348,-3236,-626
4349,-3240,-624
4350,-3236,-630
4351,-3236,-632
4352,-3244,-632
4353,-3244,-634
4354,-3240,-640
4355,-3244,-634
4356,-3244,-632
4357,-3256,-628
4358,-3256,-628
4359,-3256,-626
4360,-3260,-628
4361,-3256,-632
4362,-3264,-636
4363,-3268,-630
4364,-3272,-630
4365,-3268,-634
4366,-3272,-634
4367,-3276,-636
4368,-3272,-634
4369,-3280,-632
4370,-3280,-632
4371,-3280,-632
4372,-3280,-632
4373,-3276,-636
4374,-3280,-630
4375,-3280,-634
4376,-3272,-644
4377,-3272,-644
4378,-3276,-646
4379,-3276,-650
4380,-3276,-646
4381,-3276,-644
4382,-3276,-644
4383,-3276,-646
4384,-3276,-634
4385,-3276,-644
4386,-3276,-640
4387,-3276,-638
4388,-3276,-640
4389,-3280,-646
4390,-3280,-648
4391,-3280,-648
4392,-3280,-652
4393,-3280,-648
4394,-3280,-648
4395,-3284,-644
4396,-3284,-648
4397,-3284,-648
4398,-3280,-654
4399,-3284,-650
4400,-3284,-650
4401,-3284,-652
4402,-3284,-652
4403,-3284,-654
4404,-3284,-652
4405,-3284,-650
4406,-3284,-648
4407,-3284,-650
4408,-3288,-640
4409,-3288,-640
4410,-3288,-640
4411,-3288,-644
4412,-3288,-642
4413,-3288,-638
4414,-3288,-640
4415,-3284,-644
4416,-3288,-644
4417,-3288,-644
4418,-3288,-646
4419,-3288,-646
4420,-3284,-646
4421,-3288,-646
4422,-3288,-642
4423,-3288,-646
4424,-3288,-644
4425,-3288,-642
4426,-3288,-642
4427,-3288,-642
4428,-3280,-650
4429,-3284,-648
4430,-3284,-646
4431,-3284,-646
4432,-3284,-646
4433,-3284,-644
4434,-3284,-642
4435,-3284,-646
4436,-3280,-644
4437,-3284,-650
4438,-3284,-646
4439,-3284,-648
4440,-3284,-650
4441,-3280,-650
4442,-3284,-652
4443,-3288,-650
4444,-3288,-646
4445,-3284,-648
4446,-3288,-652
4447,-3284,-656
4448,-3288,-648
4449,-3288,-646
4450,-3280,-652
4451,-3280,-654
4452,-3284,-650
4453,-3284,-656
4454,-3280,-658
4455,-3280,-658
4456,-3284,-656
4457,-3284,-650
4458,-3284,-654
4459,-3284,-656
4460,-3284,-652
4461,-3284,-652
4462,-3280,-650
4463,-3280,-650
4464,-3280,-650
4465,-3284,-654
4466,-3284,-654
4467,-3284,-650
4468,-3284,-648
4469,-3280,-652
4470,-3284,-646
4471,-3284,-650
4472,-3284,-652
4473,-3276,-660
4474,-3280,-656
4475,-3280,-658
4476,-3284,-654
4477,-3284,-652
4478,-3284,-650
4479,-3284,-654
4480,-3284,-652
4481,-3292,-644
4482,-3292,-646
4483,-3292,-644
4484,-3292,-646
4485,-3292,-640
4486,-3292,-640
4487,-3292,-638
4488,-3292,-640
4489,-3292,-642
4490,-3288,-644
4491,-3292,-648
4492,-3296,-644
4493,-3284,-642
4494,-3292,-648
4495,-3292,-638
4496,-3292,-636
4497,-3292,-638
4498,-3296,-642
4499,-3292,-642
4500,-3288,-644
4501,-3296,-644
4502,-3296,-646
4503,-3296,-644
4504,-3296,-644
4505,-3296,-642
4506,-3296,-644
4507,-3292,-646
4508,-3296,-642
4509,-3296,-644
4510,-3296,-644
4511,-3296,-646
4512,-3296,-648
4513,-3296,-648
4514,-3296,-644
4515,-3296,-644
4516,-3296,-644
4517,-3296,-646
4518,-3296,-646
4519,-3292,-642
4520,-3288,-642
4521,-3292,-642
4522,-3292,-644
4523,-3292,-640
4524,-3292,-642
4525,-3292,-642
4526,-3292,-640
4527,-3292,-640
4528,-3292,-638
4529,-3292,-638
4530,-3288,-640
4531,-3264,-626
4532,-3264,-622
4533,-3264,-620
4534,-3264,-624
4535,-3268,-620
4536,-3268,-622
4537,-3264,-622
4538,-3264,-620
4539,-3264,-618
4540,-3264,-624
4541,-3268,-618
4542,-3268,-620
4543,-3268,-620
4544,-3268,-624
4545,-3264,-616
4546,-3260,-622
4547,-3264,-618
4548,-3264,-620
4549,-3264,-620
4550,-3264,-618
4551,-3268,-620
4552,-3268,-620
4553,-3268,-620
4554,-3268,-622
4555,-3264,-624
4556,-3268,-622
4557,-3264,-622
4558,-3264,-620
4559,-3264,-626
4560,-3268,-624
4561,-3268,-622
4562,-3268,-622
4563,-3264,-622
4564,-3264,-618
4565,-3264,-618
4566,-3264,-624
4567,-3264,-620
4568,-3264,-622
4569,-3260,-618
4570,-3264,-618
4571,-3264,-618
4572,-3260,-622
4573,-3260,-624
4574,-3264,-620
4575,-3264,-622
4576,-3260,-628
4577,-3260,-630
4578,-3260,-630
4579,-3260,-632
4580,-3260,-632
4581,-3260,-630
4582,-3260,-630
4583,-3260,-628
4584,-3260,-630
4585,-3260,-632
4586,-3260,-624
4587,-3260,-626
4588,-3260,-626
4589,-3260,-626
4590,-3256,-626
4591,-3256,-624
4592,-3256,-626
4593,-3256,-626
4594,-3260,-624
4595,-3256,-626
4596,-3256,-626
4597,-3256,-624
4598,-3256,-624
4599,-3256,-628
4600,-3256,-626
4601,-3256,-626
4602,-3260,-628
4603,-3260,-632
4604,-3260,-630
4605,-3260,-628
4606,-3260,-628
4607,-3260,-628
4608,-3260,-628
4609,-3260,-628
4610,-3260,-628
4611,-3260,-630
4612,-3260,-632
4613,-3260,-632
4614,-3260,-632
4615,-3260,-632
4616,-3260,-630
4617,-3260,-632
4618,-3260,-628
4619,-3260,-628
4620,-3260,-626
4621,-3260,-630
4622,-3256,-632
4623,-3260,-630
4624,-3260,-628
4625,-3252,-632
4626,-3256,-628
4627,-3260,-626
4628,-3260,-626
4629,-3260,-630
4630,-3260,-630
4631,-3260,-628
4632,-3260,-628
4633,-3256,-630
4634,-3256,-630
4635,-3256,-632
4636,-3260,-628
4637,-3260,-628
4638,-3260,-630
4639,-3260,-626
4640,-3256,-628
4641,-3260,-632
4642,-3260,-634
4643,-3264,-630
4644,-3260,-632
4645,-3264,-632
4646,-3264,-630
4647,-3260,-634
4648,-3264,-630
4649,-3268,-630
4650,-3268,-626
4651,-3268,-630
4652,-3268,-626
4653,-3268,-628
4654,-3272,-626
4655,-3272,-626
4656,-3272,-626
4657,-3272,-622
4658,-3272,-624
4659,-3272,-626
4660,-3272,-628
4661,-3272,-624
4662,-3272,-624
4663,-3272,-628
4664,-3272,-626
4665,-3272,-626
4666,-3272,-626
4667,-3272,-624
4668,-3264,-634
4669,-3268,-630
4670,-3268,-634
4671,-3264,-634
4672,-3260,-638
4673,-3264,-632
4674,-3268,-628
4675,-3264,-628
4676,-3264,-626
4677,-3264,-628
4678,-3264,-624
4679,-3268,-620
4680,-3268,-622
4681,-3268,-622
4682,-3268,-618
4683,-3268,-620
4684,-3268,-618
4685,-3268,-620
4686,-3264,-620
4687,-3268,-616
4688,-3268,-616
4689,-3268,-616
4690,-3268,-614
4691,-3260,-618
4692,-3268,-620
4693,-3264,-618
4694,-3268,-618
4695,-3264,-620
4696,-3264,-624
4697,-3268,-624
4698,-3268,-622
4699,-3268,-618
4700,-3264,-618
4701,-3256,-618
4702,-3260,-620
4703,-3260,-620
4704,-3248,-612
4705,-3256,-618
4706,-3256,-618
4707,-3256,-620
4708,-3260,-614
4709,-3260,-616
4710,-3256,-618
4711,-3260,-616
4712,-3260,-614
4713,-3260,-612
4714,-3260,-616
4715,-3260,-614
4716,-3260,-614
4717,-3260,-620
4718,-3264,-614
4719,-3264,-616
4720,-3264,-616
4721,-3264,-616
4722,-3260,-618
4723,-3260,-620
4724,-3256,-616
4725,-3256,-616
4726,-3260,-612
4727,-3264,-616
4728,-3264,-620
4729,-3264,-616
4730,-3260,-620
4731,-3260,-620
4732,-3260,-616
4733,-3268,-616
4734,-3268,-618
4735,-3268,-618
4736,-3268,-616
4737,-3268,-616
4738,-3268,-616
4739,-3268,-612
4740,-3264,-612
4741,-3264,-618
4742,-3260,-618
4743,-3260,-616
4744,-3264,-614
4745,-3260,-620
4746,-3264,-616
4747,-3268,-614
4748,-3264,-614
4749,-3268,-612
4750,-3268,-612
4751,-3268,-618
4752,-3268,-614
4753,-3268,-610
4754,-3268,-610
4755,-3264,-614
4756,-3268,-614
4757,-3268,-610
4758,-3268,-614
4759,-3268,-614
4760,-3268,-612
4761,-3272,-616
4762,-3272,-616
4763,-3272,-614
4764,-3272,-612
4765,-3272,-610
4766,-3272,-610
4767,-3272,-610
4768,-3272,-610
4769,-3272,-610
4770,-3264,-618
4771,-3264,-612
4772,-3260,-614
4773,-3268,-610
4774,-3268,-610
4775,-3268,-614
4776,-3268,-616
4777,-3268,-618
4778,-3268,-620
4779,-3268,-618
4780,-3268,-618
4781,-3268,-616
4782,-3268,-614
4783,-3268,-616
4784,-3268,-614
4785,-3268,-618
4786,-3268,-616
4787,-3264,-622
4788,-3268,-620
4789,-3268,-620
4790,-3268,-618
4791,-3268,-616
4792,-3268,-618
4793,-3268,-618
4794,-3268,-618
4795,-3268,-618
4796,-3264,-622
4797,-3268,-618
4798,-3264,-616
4799,-3264,-612
4800,-3264,-610
4801,-3248,-622
4802,-3232,-622
4803,-3236,-614
4804,-3252,-604
4805,-3252,-602
4806,-3256,-598
4807,-3256,-602
4808,-3256,-610
4809,-3260,-608
4810,-3260,-608
4811,-3260,-608
4812,-3256,-608
4813,-3260,-610
4814,-3260,-610
4815,-3264,-608
4816,-3264,-606
4817,-3264,-606
4818,-3260,-610
4819,-3264,-604
4820,-3264,-610
4821,-3264,-610
4822,-3264,-610
4823,-3264,-606
4824,-3264,-606
4825,-3260,-602
4826,-3264,-602
4827,-3264,-600
4828,-3264,-604
4829,-3256,-606
4830,-3260,-606
4831,-3256,-606
4832,-3256,-610
4833,-3256,-612
4834,-3260,-608
4835,-3260,-610
4836,-3260,-610
4837,-3260,-610
4838,-3260,-604
4839,-3256,-612
4840,-3264,-604
4841,-3264,-608
4842,-3264,-608
4843,-3264,-608
4844,-3264,-602
4845,-3264,-606
4846,-3264,-604
4847,-3264,-604
4848,-3264,-608
4849,-3264,-614
4850,-3252,-610
4851,-3252,-610
4852,-3256,-608
4853,-3260,-610
4854,-3260,-606
4855,-3260,-606
4856,-3260,-608
4857,-3260,-600
4858,-3260,-598
4859,-3260,-602
4860,-3260,-600
4861,-3260,-596
4862,-3260,-598
4863,-3260,-598
4864,-3260,-600
4865,-3256,-598
4866,-3256,-602
4867,-3260,-592
4868,-3260,-596
4869,-3260,-598
4870,-3260,-596
4871,-3260,-598
4872,-3264,-598
4873,-3264,-598
4874,-3264,-600
4875,-3264,-600
4876,-3264,-602
4877,-3264,-600
4878,-3264,-604
4879,-3264,-604
4880,-3264,-612
4881,-3264,-612
4882,-3264,-612
4883,-3264,-612
4884,-3264,-614
4885,-3264,-610
4886,-3264,-608
4887,-3260,-606
4888,-3264,-610
4889,-3264,-610
4890,-3260,-614
4891,-3264,-612
4892,-3260,-614
4893,-3264,-610
4894,-3268,-610
4895,-3264,-616
4896,-3268,-614
4897,-3272,-610
4898,-3272,-610
4899,-3272,-612
4900,-3272,-616
4901,-3272,-616
4902,-3272,-616
4903,-3272,-616
4904,-3268,-618
4905,-3268,-618
4906,-3268,-616
4907,-3268,-616
4908,-3272,-614
4909,-3272,-614
4910,-3272,-608
4911,-3272,-608
4912,-3272,-606
4913,-3272,-608
4914,-3272,-606
4915,-3272,-610
4916,-3272,-610
4917,-3268,-608
4918,-3268,-608
4919,-3268,-612
4920,-3268,-612
4921,-3272,-614
4922,-3272,-614
4923,-3268,-616
4924,-3272,-618
4925,-3276,-616
4926,-3276,-616
4927,-3276,-620
4928,-3276,-616
4929,-3272,-608
4930,-3276,-610
4931,-3276,-610
4932,-3276,-610
4933,-3276,-610
4934,-3272,-606
4935,-3272,-608
4936,-3272,-608
4937,-3272,-610
4938,-3272,-610
4939,-3272,-608
4940,-3272,-612
4941,-3268,-610
4942,-3268,-604
4943,-3272,-606
4944,-3272,-610
4945,-3272,-612
4946,-3268,-610
4947,-3264,-614
4948,-3268,-612
4949,-3264,-612
4950,-3268,-614
4951,-3268,-614
4952,-3268,-614
4953,-3268,-614
4954,-3272,-612
4955,-3272,-614
4956,-3272,-614
4957,-3272,-610
4958,-3264,-610
4959,-3272,-618
4960,-3272,-614
4961,-3272,-614
4962,-3272,-616
4963,-3272,-616
4964,-3272,-618
4965,-3276,-618
4966,-3276,-618
4967,-3276,-618
4968,-3276,-614
4969,-3280,-616
4970,-3280,-614
4971,-3280,-614
4972,-3280,-612
4973,-3280,-610
4974,-3280,-614
4975,-3276,-618
4976,-3276,-612
4977,-3276,-614
4978,-3276,-612
4979,-3276,-610
4980,-3276,-610
4981,-3276,-608
4982,-3276,-606
4983,-3276,-610
4984,-3276,-614
4985,-3276,-614
4986,-3276,-612
4987,-3276,-610
4988,-3268,-614
4989,-3276,-616
4990,-3276,-612
4991,-3272,-616
4992,-3276,-612
4993,-3276,-610
4994,-3272,-618
4995,-3276,-614
4996,-3280,-614
4997,-3280,-612
4998,-3280,-616
4999,-3280,-614
5000,-3280,-616
